slno,vehicle_type,brand,model,engine_type,make_year,region,mileage_range,mileage,oil_filter,engine_oil,washer_plug_drain,dust_and_pollen_filter,whell_alignment_and_balancing,air_clean_filter,fuel_filter,spark_plug,brake_fluid,brake_and_clutch_oil,transmission_fluid,brake_pads,clutch,coolant,cost
1,car,honda,jazz,petrol,2017,chennai,10000,11400,1,1,0,0,1,0,0,0,0,0,0,0,0,0,2566
2,car,honda,jazz,petrol,2017,chennai,10000,11453,1,1,0,0,1,0,0,0,0,0,0,0,0,0,2633
3,car,honda,jazz,petrol,2017,chennai,10000,10706,1,1,0,0,0,0,0,0,0,0,0,0,0,0,2643
4,car,honda,jazz,petrol,2017,chennai,10000,11015,1,1,0,0,0,0,0,0,0,0,0,0,0,0,2532
5,car,honda,jazz,petrol,2017,chennai,10000,10039,1,1,0,0,0,0,0,0,0,0,0,0,0,0,2489
6,car,honda,jazz,petrol,2017,chennai,10000,10348,1,1,0,0,0,0,0,0,0,0,0,0,0,0,2578
7,car,honda,jazz,petrol,2017,chennai,10000,10936,1,1,0,0,1,0,0,0,0,0,0,0,0,0,2631
8,car,honda,jazz,petrol,2017,chennai,10000,10355,1,1,0,0,0,0,0,0,0,0,0,0,0,0,2639
9,car,honda,jazz,petrol,2017,chennai,10000,11028,1,1,0,0,0,0,0,0,0,0,0,0,0,0,2703
10,car,honda,jazz,petrol,2017,chennai,10000,10843,1,1,0,0,0,0,0,0,0,0,0,0,0,0,2539
11,car,honda,jazz,petrol,2017,chennai,10000,10686,1,1,0,0,0,0,0,0,0,0,0,0,0,0,2597
12,car,honda,jazz,petrol,2017,chennai,10000,10573,1,1,0,0,0,0,0,0,0,0,0,0,0,0,2583
13,car,honda,jazz,petrol,2017,chennai,10000,10992,1,1,1,0,0,0,0,0,0,0,0,0,0,0,2633
14,car,honda,jazz,petrol,2017,chennai,10000,10376,1,1,1,0,0,0,0,0,0,0,0,0,0,0,2643
15,car,honda,jazz,petrol,2017,chennai,10000,11009,1,1,1,0,1,0,0,0,0,0,0,0,0,0,2532
16,car,honda,jazz,petrol,2017,chennai,10000,10048,1,1,1,0,0,0,0,0,0,0,0,0,0,0,2489
17,car,honda,jazz,petrol,2017,chennai,10000,10623,1,1,1,0,0,0,0,0,0,0,0,0,0,0,2578
18,car,honda,jazz,petrol,2017,chennai,10000,10832,1,1,1,0,1,0,0,0,0,0,0,0,0,0,2631
19,car,honda,jazz,petrol,2017,chennai,10000,11034,1,1,1,0,1,0,0,0,0,0,0,0,0,0,2639
20,car,honda,jazz,petrol,2017,chennai,10000,10228,1,1,1,0,1,0,0,0,0,0,0,0,0,0,2703
21,car,honda,jazz,petrol,2017,chennai,20000,20679,1,1,1,1,0,0,0,0,0,0,0,0,0,0,3336
22,car,honda,jazz,petrol,2017,chennai,20000,20797,1,1,1,1,0,0,0,0,0,0,0,0,0,0,3418
23,car,honda,jazz,petrol,2017,chennai,20000,19646,1,1,1,1,0,0,0,0,0,0,0,0,0,0,3276
24,car,honda,jazz,petrol,2017,chennai,20000,20566,1,1,1,1,0,0,0,0,0,0,0,0,0,0,3134
25,car,honda,jazz,petrol,2017,chennai,20000,20478,1,1,1,1,0,0,0,0,0,0,0,0,0,0,3489
26,car,honda,jazz,petrol,2017,chennai,20000,20787,1,1,1,1,0,0,0,0,0,0,0,0,0,0,3578
27,car,honda,jazz,petrol,2017,chennai,20000,19899,1,1,1,1,0,0,0,0,0,0,0,0,0,0,3248
28,car,honda,jazz,petrol,2017,chennai,20000,20575,1,1,1,1,0,0,0,0,0,0,0,0,0,0,3682
29,car,honda,jazz,petrol,2017,chennai,20000,21587,1,1,1,1,0,0,0,0,0,0,0,0,0,0,3418
30,car,honda,jazz,petrol,2017,chennai,20000,20689,1,1,1,1,0,0,0,0,0,0,0,0,0,0,3276
31,car,honda,jazz,petrol,2017,chennai,20000,20464,1,1,1,1,0,0,0,0,0,0,0,0,0,0,3134
32,car,honda,jazz,petrol,2017,chennai,20000,21567,1,1,1,1,1,0,0,0,0,0,0,0,0,0,3583
33,car,honda,jazz,petrol,2017,chennai,20000,22769,1,1,1,1,1,0,0,0,0,0,0,0,0,0,3365
34,car,honda,jazz,petrol,2017,chennai,20000,20312,1,1,1,1,1,0,0,0,0,0,0,0,0,0,3478
35,car,honda,jazz,petrol,2017,chennai,20000,20453,1,1,1,1,1,0,0,0,0,0,0,0,0,0,3336
36,car,honda,jazz,petrol,2017,chennai,20000,20564,1,1,1,1,0,1,0,0,0,0,0,0,0,0,3418
37,car,honda,jazz,petrol,2017,chennai,20000,20644,1,1,1,1,0,1,0,0,0,0,0,0,0,0,3276
38,car,honda,jazz,petrol,2017,chennai,20000,20768,1,1,1,1,1,1,0,0,0,0,0,0,0,0,3134
39,car,honda,jazz,petrol,2017,chennai,20000,20543,1,1,1,1,0,1,0,0,0,0,0,0,0,0,3215
40,car,honda,jazz,petrol,2017,chennai,20000,21056,1,1,1,1,0,1,0,0,0,0,0,0,0,0,8714
41,car,honda,jazz,petrol,2017,chennai,30000,30239,1,1,1,0,0,0,0,0,0,0,0,0,0,0,3143
42,car,honda,jazz,petrol,2017,chennai,30000,30231,1,1,1,0,0,0,0,0,0,0,0,0,0,0,3273
43,car,honda,jazz,petrol,2017,chennai,30000,30783,1,1,1,0,0,0,0,0,0,0,0,0,0,0,3489
44,car,honda,jazz,petrol,2017,chennai,30000,30463,1,1,1,0,0,0,0,0,0,0,0,0,0,0,3323
45,car,honda,jazz,petrol,2017,chennai,30000,30463,1,1,1,0,0,0,0,0,0,0,0,0,0,0,3422
46,car,honda,jazz,petrol,2017,chennai,30000,29625,1,1,1,0,0,0,0,0,0,0,0,0,0,0,3232
47,car,honda,jazz,petrol,2017,chennai,30000,31833,1,1,1,0,0,0,0,0,0,0,0,0,0,0,3136
48,car,honda,jazz,petrol,2017,chennai,30000,30172,1,1,1,0,0,0,0,0,0,0,0,0,0,0,3193
49,car,honda,jazz,petrol,2017,chennai,30000,30132,1,1,1,0,0,0,0,0,0,0,0,0,0,0,3344
50,car,honda,jazz,petrol,2017,chennai,30000,29234,1,1,1,0,0,0,0,0,0,0,0,0,0,0,3474
51,car,honda,jazz,petrol,2017,chennai,30000,30541,1,1,1,0,0,0,0,0,0,0,0,0,0,0,3750
52,car,honda,jazz,petrol,2017,chennai,30000,29689,1,1,1,0,0,0,0,0,0,0,0,0,0,0,3523
53,car,honda,jazz,petrol,2017,chennai,30000,30545,1,1,1,0,0,0,0,0,0,0,0,0,0,0,3263
54,car,honda,jazz,petrol,2017,chennai,30000,30432,1,1,1,0,0,0,0,0,0,0,0,0,0,0,3283
55,car,honda,jazz,petrol,2017,chennai,30000,30679,1,1,1,0,0,0,0,0,0,0,0,0,0,0,3384
56,car,honda,jazz,petrol,2017,chennai,30000,30765,1,1,1,0,0,0,0,0,0,0,0,0,0,0,3680
57,car,honda,jazz,petrol,2017,chennai,30000,30758,1,1,1,0,0,0,0,0,0,0,0,0,0,0,4342
58,car,honda,jazz,petrol,2017,chennai,30000,31234,1,1,1,0,0,0,0,0,0,0,0,0,0,0,5342
59,car,honda,jazz,petrol,2017,chennai,30000,30272,1,1,1,0,0,0,0,0,0,0,0,0,0,0,4434
60,car,honda,jazz,petrol,2017,chennai,30000,30137,1,1,1,0,0,0,0,0,0,0,0,0,0,0,4343
61,car,honda,jazz,petrol,2017,chennai,40000,40231,1,1,1,1,0,0,0,1,0,0,0,0,0,1,4422
62,car,honda,jazz,petrol,2017,chennai,40000,40532,1,1,1,1,0,0,0,1,0,0,0,0,0,1,4372
63,car,honda,jazz,petrol,2017,chennai,40000,39163,1,1,1,1,0,0,0,1,0,0,0,0,0,1,4457
64,car,honda,jazz,petrol,2017,chennai,40000,40328,1,1,1,1,0,0,0,1,0,0,0,0,0,1,4322
65,car,honda,jazz,petrol,2017,chennai,40000,40368,1,1,1,1,0,0,0,1,0,0,0,0,0,1,4273
66,car,honda,jazz,petrol,2017,chennai,40000,39175,1,1,1,1,0,0,0,1,0,0,0,0,0,1,4282
67,car,honda,jazz,petrol,2017,chennai,40000,40613,1,1,1,1,0,0,0,1,0,0,0,0,0,1,4274
68,car,honda,jazz,petrol,2017,chennai,40000,40293,1,1,1,1,0,0,0,1,0,0,0,0,0,1,4272
69,car,honda,jazz,petrol,2017,chennai,40000,40733,1,1,1,1,0,0,0,1,0,0,0,0,0,1,4548
70,car,honda,jazz,petrol,2017,chennai,40000,41382,1,1,1,1,0,0,0,1,0,0,0,0,0,1,4482
71,car,honda,jazz,petrol,2017,chennai,40000,40289,1,1,1,1,0,0,0,1,0,0,0,0,0,1,4372
72,car,honda,jazz,petrol,2017,chennai,40000,39236,1,1,1,1,0,0,0,1,0,0,0,0,0,1,4273
73,car,honda,jazz,petrol,2017,chennai,40000,40722,1,1,1,1,0,0,0,1,0,0,0,0,0,1,4373
74,car,honda,jazz,petrol,2017,chennai,40000,42232,1,1,1,1,0,0,0,1,0,0,0,0,0,1,4874
75,car,honda,jazz,petrol,2017,chennai,40000,40724,1,1,1,1,0,0,0,1,0,0,0,0,0,1,4836
76,car,honda,jazz,petrol,2017,chennai,40000,40283,1,1,1,1,0,0,0,1,0,0,0,0,0,1,4723
77,car,honda,jazz,petrol,2017,chennai,40000,39328,1,1,1,1,0,0,0,1,0,0,0,0,0,1,4792
78,car,honda,jazz,petrol,2017,chennai,40000,41238,1,1,1,1,0,0,0,1,0,0,0,0,0,1,5292
79,car,honda,jazz,petrol,2017,chennai,40000,40278,1,1,1,1,0,0,0,1,0,0,0,0,0,1,5123
80,car,honda,jazz,petrol,2017,chennai,40000,40243,1,1,1,1,0,0,0,1,0,0,0,0,0,1,5163
81,car,honda,jazz,petrol,2017,chennai,50000,50234,1,1,1,0,0,0,0,0,0,0,0,0,0,0,3312
82,car,honda,jazz,petrol,2017,chennai,50000,50722,1,1,1,0,0,0,0,0,0,0,0,0,0,0,3464
83,car,honda,jazz,petrol,2017,chennai,50000,50236,1,1,1,0,0,0,0,0,0,0,0,0,0,0,3253
84,car,honda,jazz,petrol,2017,chennai,50000,50673,1,1,1,0,0,0,0,0,0,0,0,0,0,0,3323
85,car,honda,jazz,petrol,2017,chennai,50000,50892,1,1,1,0,0,0,0,0,0,0,0,0,0,0,3422
86,car,honda,jazz,petrol,2017,chennai,50000,51427,1,1,1,0,0,0,0,0,0,0,0,0,0,0,3232
87,car,honda,jazz,petrol,2017,chennai,50000,50237,1,1,1,0,0,0,0,0,0,0,0,0,0,0,3136
88,car,honda,jazz,petrol,2017,chennai,50000,49622,1,1,1,0,0,0,0,0,0,0,0,0,0,0,3193
89,car,honda,jazz,petrol,2017,chennai,50000,49263,1,1,1,0,0,0,0,0,0,0,0,0,0,0,3344
90,car,honda,jazz,petrol,2017,chennai,50000,50268,1,1,1,0,0,0,0,0,0,0,0,1,0,1,3474
91,car,honda,jazz,petrol,2017,chennai,50000,51452,1,1,1,0,0,0,0,0,1,0,0,1,0,1,3364
92,car,honda,jazz,petrol,2017,chennai,50000,50823,1,1,1,0,0,0,0,0,1,0,1,1,0,1,3231
93,car,honda,jazz,petrol,2017,chennai,50000,50179,1,1,1,0,0,0,0,0,1,0,1,1,0,1,3532
94,car,honda,jazz,petrol,2017,chennai,50000,51102,1,1,1,0,0,1,0,0,0,0,0,1,0,0,3689
95,car,honda,jazz,petrol,2017,chennai,50000,51324,1,1,1,0,0,1,0,0,0,0,0,1,0,0,3730
96,car,honda,jazz,petrol,2017,chennai,50000,50822,1,1,1,0,0,1,0,0,0,0,1,1,0,0,3647
97,car,honda,jazz,petrol,2017,chennai,50000,50264,1,1,1,0,1,1,0,0,1,0,0,1,0,0,4123
98,car,honda,jazz,petrol,2017,chennai,50000,50012,1,1,1,0,1,0,0,0,1,0,0,1,0,0,4202
99,car,honda,jazz,petrol,2017,chennai,50000,50272,1,1,1,0,0,0,0,1,0,0,1,1,0,0,4822
100,car,honda,jazz,petrol,2017,chennai,50000,50327,1,1,1,0,1,0,0,1,0,0,0,1,0,0,4037
101,car,honda,jazz,petrol,2017,chennai,60000,60272,1,1,1,1,0,1,0,0,1,0,1,1,0,0,6135
102,car,honda,jazz,petrol,2017,chennai,60000,60347,1,1,1,1,0,1,0,0,1,0,1,1,0,0,6234
103,car,honda,jazz,petrol,2017,chennai,60000,60322,1,1,1,1,0,1,1,0,1,0,1,1,0,0,6163
104,car,honda,jazz,petrol,2017,chennai,60000,60347,1,1,1,1,0,1,1,0,1,0,1,1,0,0,6237
105,car,honda,jazz,petrol,2017,chennai,60000,60839,1,1,1,1,0,1,1,0,1,0,1,1,0,0,6088
106,car,honda,jazz,petrol,2017,chennai,60000,60321,1,1,1,1,0,1,1,0,1,0,1,1,0,0,6143
107,car,honda,jazz,petrol,2017,chennai,60000,61733,1,1,1,1,0,1,1,0,1,0,1,1,0,0,6228
108,car,honda,jazz,petrol,2017,chennai,60000,60977,1,1,1,1,0,1,1,0,1,0,1,1,0,0,6292
109,car,honda,jazz,petrol,2017,chennai,60000,60632,1,1,1,1,0,1,1,0,1,0,1,1,0,0,6183
110,car,honda,jazz,petrol,2017,chennai,60000,60872,1,1,1,1,0,1,1,0,1,0,1,0,0,0,6137
111,car,honda,jazz,petrol,2017,chennai,60000,60134,1,1,1,1,0,1,1,0,1,0,1,0,0,0,6099
112,car,honda,jazz,petrol,2017,chennai,60000,60427,1,1,1,1,0,1,1,0,1,0,1,0,0,0,6132
113,car,honda,jazz,petrol,2017,chennai,60000,60349,1,1,1,1,0,1,1,0,1,0,1,0,0,0,6487
114,car,honda,jazz,petrol,2017,chennai,60000,60374,1,1,1,1,0,1,1,0,1,0,1,0,0,0,6579
115,car,honda,jazz,petrol,2017,chennai,60000,60694,1,1,1,1,0,1,1,0,1,0,1,0,0,0,6693
116,car,honda,jazz,petrol,2017,chennai,60000,61379,1,1,1,1,0,1,0,0,1,0,1,0,0,0,6469
117,car,honda,jazz,petrol,2017,chennai,60000,59262,1,1,1,1,0,1,0,0,1,0,1,0,0,0,6367
118,car,honda,jazz,petrol,2017,chennai,60000,60347,1,1,1,1,0,1,0,0,1,0,1,0,0,0,6397
119,car,honda,jazz,petrol,2017,chennai,60000,61372,1,1,1,1,0,1,0,0,1,0,1,0,0,0,6495
120,car,honda,jazz,petrol,2017,chennai,60000,60437,1,1,1,1,0,1,0,0,1,0,1,0,0,0,6402
121,car,honda,jazz,petrol,2017,chennai,70000,70262,1,1,1,0,0,0,0,0,0,0,0,0,1,0,4633
122,car,honda,jazz,petrol,2017,chennai,70000,70373,1,1,1,0,0,0,0,0,0,0,0,0,1,0,4643
123,car,honda,jazz,petrol,2017,chennai,70000,70764,1,1,1,0,1,0,0,0,0,0,0,0,1,0,4532
124,car,honda,jazz,petrol,2017,chennai,70000,70384,1,1,1,0,1,0,0,0,0,0,1,0,1,0,4489
125,car,honda,jazz,petrol,2017,chennai,70000,70976,1,1,1,0,1,0,0,0,0,0,1,0,1,0,4578
126,car,honda,jazz,petrol,2017,chennai,70000,71253,1,1,1,0,1,0,0,0,0,0,1,0,1,0,4631
127,car,honda,jazz,petrol,2017,chennai,70000,70311,1,1,1,0,1,0,0,0,0,0,0,0,1,0,4639
128,car,honda,jazz,petrol,2017,chennai,70000,70789,1,1,1,0,1,0,0,0,0,0,0,0,1,0,4703
129,car,honda,jazz,petrol,2017,chennai,70000,70098,1,1,1,0,1,0,0,1,0,0,0,0,1,0,4539
130,car,honda,jazz,petrol,2017,chennai,70000,69432,1,1,1,0,1,0,0,1,0,0,0,0,1,0,4597
131,car,honda,jazz,petrol,2017,chennai,70000,70894,1,1,1,0,1,0,0,1,0,0,0,0,1,0,4583
132,car,honda,jazz,petrol,2017,chennai,70000,70753,1,1,1,0,0,0,0,1,0,0,0,0,1,0,4633
133,car,honda,jazz,petrol,2017,chennai,70000,70756,1,1,1,0,0,0,0,0,0,0,0,0,1,0,4643
134,car,honda,jazz,petrol,2017,chennai,70000,70890,1,1,1,0,0,0,0,0,1,0,0,0,1,0,4532
135,car,honda,jazz,petrol,2017,chennai,70000,70473,1,1,1,0,0,0,0,0,1,0,0,0,1,0,4489
136,car,honda,jazz,petrol,2017,chennai,70000,70985,1,1,1,0,0,1,0,0,1,0,0,0,1,0,4578
137,car,honda,jazz,petrol,2017,chennai,70000,70342,1,1,1,0,0,1,0,0,1,0,0,0,1,0,4631
138,car,honda,jazz,petrol,2017,chennai,70000,70033,1,1,1,0,0,1,0,0,0,0,0,0,1,0,4639
139,car,honda,jazz,petrol,2017,chennai,70000,70653,1,1,1,0,0,0,0,0,0,0,0,0,1,0,4703
140,car,honda,jazz,petrol,2017,chennai,70000,70373,1,1,1,0,0,0,0,0,0,0,0,0,0,0,2789
141,car,honda,jazz,petrol,2017,chennai,80000,82238,1,1,1,0,0,0,1,1,0,0,0,0,0,0,4753
142,car,honda,jazz,petrol,2017,chennai,80000,89843,1,1,1,0,0,0,1,1,0,0,0,0,0,0,4790
143,car,honda,jazz,petrol,2017,chennai,80000,85834,1,1,1,0,0,0,1,1,0,0,0,0,0,0,4230
144,car,honda,jazz,petrol,2017,chennai,80000,88433,1,1,1,0,0,0,1,1,0,0,0,0,0,0,4875
145,car,honda,jazz,petrol,2017,chennai,80000,82363,1,1,1,0,0,0,1,1,0,0,0,0,0,0,4976
146,car,honda,jazz,petrol,2017,chennai,80000,83462,1,1,1,0,0,0,1,1,0,0,0,0,0,0,4679
147,car,honda,jazz,petrol,2017,chennai,80000,82346,1,1,1,0,0,0,1,1,0,0,0,0,0,0,4312
148,car,honda,jazz,petrol,2017,chennai,80000,89437,1,1,1,1,0,0,1,1,0,0,0,0,0,0,4068
149,car,honda,jazz,petrol,2017,chennai,80000,90327,1,1,1,1,0,0,1,1,0,0,0,0,0,0,5084
150,car,honda,jazz,petrol,2017,chennai,80000,82462,1,1,1,0,0,0,1,1,0,0,0,0,0,0,5866
151,car,honda,jazz,petrol,2017,chennai,80000,81482,1,1,1,0,0,0,1,1,0,0,0,0,0,0,5238
152,car,honda,jazz,petrol,2017,chennai,100000,122342,1,1,1,0,0,0,0,0,0,0,0,0,0,0,3725
153,car,honda,jazz,petrol,2017,chennai,100000,102378,1,1,1,1,0,0,0,0,0,0,0,0,0,0,3248
154,car,honda,jazz,petrol,2017,chennai,100000,113247,1,1,1,0,0,0,0,0,0,0,0,0,0,0,3743
155,car,honda,jazz,petrol,2017,chennai,100000,137822,1,1,1,0,0,0,0,0,0,0,0,0,0,0,3469
156,car,honda,jazz,petrol,2017,chennai,100000,129773,1,1,1,0,0,0,0,0,0,0,0,0,0,0,3468
157,car,honda,jazz,petrol,2017,chennai,100000,90239,1,1,1,1,0,0,0,0,0,0,0,0,0,0,3894
158,car,honda,jazz,petrol,2017,chennai,100000,94824,1,1,1,1,0,1,0,0,0,0,0,0,0,0,3725
159,car,honda,jazz,petrol,2017,chennai,100000,96348,1,1,1,1,0,1,1,0,0,0,0,0,0,0,3743
160,car,honda,jazz,petrol,2017,chennai,100000,94378,1,1,1,1,0,1,0,0,0,0,0,0,0,0,3804
161,car,honda,jazz,petrol,2017,chennai,100000,99947,1,1,1,1,0,1,0,0,0,0,0,0,0,0,3479
162,car,honda,amaze,diesel,2016,mumbai,10000,10021,1,1,0,0,0,0,0,0,0,0,0,0,0,0,2798
163,car,honda,amaze,diesel,2016,mumbai,10000,10005,1,1,0,0,0,0,0,0,0,0,0,0,0,0,2680
164,car,honda,amaze,diesel,2016,mumbai,10000,9980,1,1,0,0,0,0,0,0,0,0,0,0,0,0,2750
165,car,honda,amaze,diesel,2016,mumbai,10000,10100,1,1,0,0,0,0,0,0,0,0,0,0,0,0,2700
166,car,honda,amaze,diesel,2016,mumbai,10000,11004,1,1,0,0,0,0,0,0,0,0,0,0,0,0,2800
167,car,honda,amaze,diesel,2016,mumbai,10000,10078,1,1,0,0,0,0,0,0,0,0,0,0,0,0,2500
168,car,honda,amaze,diesel,2016,mumbai,10000,12001,1,1,0,0,0,0,0,0,0,0,0,0,0,0,2750
169,car,honda,amaze,diesel,2016,mumbai,10000,10003,1,1,0,0,0,0,0,0,0,0,0,0,0,0,2700
170,car,honda,amaze,diesel,2016,mumbai,10000,9800,1,1,0,0,0,0,0,0,0,0,0,0,0,0,2702
171,car,honda,amaze,diesel,2016,mumbai,10000,10302,1,1,0,0,0,0,0,0,0,0,0,0,0,0,2720
172,car,honda,amaze,diesel,2016,mumbai,10000,10288,1,1,0,0,0,0,0,0,0,0,0,0,0,0,2800
173,car,honda,amaze,diesel,2016,mumbai,10000,10003,1,1,0,0,0,0,0,0,0,0,0,0,0,0,2770
174,car,honda,amaze,diesel,2016,mumbai,10000,10200,1,1,0,0,0,0,0,0,0,0,0,0,0,0,3300
175,car,honda,amaze,diesel,2016,mumbai,10000,10123,1,1,0,0,0,0,0,0,0,0,0,0,0,0,3450
176,car,honda,amaze,diesel,2016,mumbai,10000,9992,1,1,1,0,0,0,0,0,0,0,0,0,0,0,3250
177,car,honda,amaze,diesel,2016,mumbai,10000,10675,1,1,1,0,0,0,0,0,0,0,0,0,0,0,3500
178,car,honda,amaze,diesel,2016,mumbai,10000,13987,1,1,1,0,0,0,0,0,0,0,0,0,0,0,6500
179,car,honda,amaze,diesel,2016,mumbai,10000,14567,1,1,1,0,0,0,0,0,0,0,0,0,0,0,5500
180,car,honda,amaze,diesel,2016,mumbai,10000,11002,1,1,1,0,0,0,0,0,0,0,0,0,0,0,7000
181,car,honda,amaze,diesel,2016,mumbai,10000,12347,1,1,1,0,0,0,0,0,0,0,0,0,0,0,5500
182,car,honda,amaze,diesel,2016,mumbai,20000,20003,1,1,1,0,1,0,0,0,0,0,0,0,0,0,5300
183,car,honda,amaze,diesel,2016,mumbai,20000,17890,1,1,1,0,1,1,1,0,0,0,0,0,0,0,5500
184,car,honda,amaze,diesel,2016,mumbai,20000,23000,1,1,1,0,1,1,1,0,0,0,0,0,0,0,5200
185,car,honda,amaze,diesel,2016,mumbai,20000,21000,1,1,1,0,1,1,1,0,0,0,0,0,0,0,5350
186,car,honda,amaze,diesel,2016,mumbai,20000,18907,1,1,1,0,1,1,1,0,0,0,0,0,0,0,5400
187,car,honda,amaze,diesel,2016,mumbai,20000,21000,1,1,1,0,1,1,1,0,0,0,0,0,0,0,5500
188,car,honda,amaze,diesel,2016,mumbai,20000,19009,1,1,1,0,1,1,1,0,0,0,0,0,0,0,5500
189,car,honda,amaze,diesel,2016,mumbai,20000,19998,1,1,1,0,1,1,1,0,0,0,0,0,0,0,5300
190,car,honda,amaze,diesel,2016,mumbai,20000,23212,1,1,1,0,1,1,1,0,0,0,0,0,0,0,5250
191,car,honda,amaze,diesel,2016,mumbai,20000,18989,1,1,1,0,1,1,1,0,0,0,0,0,0,0,5350
192,car,honda,amaze,diesel,2016,mumbai,20000,19878,1,1,1,0,1,1,1,0,0,0,0,0,0,0,5200
193,car,honda,amaze,diesel,2016,mumbai,20000,22398,1,1,1,0,1,1,1,0,0,0,0,0,0,0,5300
194,car,honda,amaze,diesel,2016,mumbai,20000,24567,1,1,1,0,1,1,1,0,0,0,0,0,0,0,5420
195,car,honda,amaze,diesel,2016,mumbai,20000,21000,1,1,1,0,1,1,1,0,0,0,0,0,0,0,6500
196,car,honda,amaze,diesel,2016,mumbai,20000,22009,1,1,1,0,1,1,1,0,0,0,0,0,0,0,7100
197,car,honda,amaze,diesel,2016,mumbai,20000,20009,1,1,1,0,1,1,1,0,0,0,0,0,0,0,5900
198,car,honda,amaze,diesel,2016,mumbai,20000,24509,1,1,1,0,1,1,1,0,0,0,0,0,0,0,6100
199,car,honda,amaze,diesel,2016,mumbai,20000,15559,1,1,1,0,1,1,1,0,0,0,0,0,0,0,8750
200,car,honda,amaze,diesel,2016,mumbai,20000,19000,1,1,1,0,1,1,1,0,0,0,0,0,0,0,8800
201,car,honda,amaze,diesel,2016,mumbai,20000,24500,1,1,1,0,1,1,1,0,0,0,0,0,0,0,7890
202,car,honda,amaze,diesel,2016,mumbai,20000,21000,1,1,1,0,1,1,1,0,0,0,0,0,0,0,9800
203,car,honda,amaze,diesel,2016,mumbai,30000,30002,1,1,1,0,0,0,0,0,0,1,0,0,0,0,7000
204,car,honda,amaze,diesel,2016,mumbai,30000,30102,1,1,1,0,0,0,0,0,0,1,0,0,0,0,7250
205,car,honda,amaze,diesel,2016,mumbai,30000,34543,1,1,1,0,0,0,0,0,0,1,0,0,0,0,7100
206,car,honda,amaze,diesel,2016,mumbai,30000,31289,1,1,1,0,0,0,0,0,0,1,0,0,0,0,7000
207,car,honda,amaze,diesel,2016,mumbai,30000,33298,1,1,1,0,0,0,0,0,0,1,0,0,0,0,7150
208,car,honda,amaze,diesel,2016,mumbai,30000,32987,1,1,1,0,0,0,0,0,0,1,0,0,0,0,7200
209,car,honda,amaze,diesel,2016,mumbai,30000,30007,1,1,1,0,0,0,0,0,0,1,0,0,0,0,7000
210,car,honda,amaze,diesel,2016,mumbai,30000,29998,1,1,1,0,0,0,0,0,0,1,0,0,0,0,7120
211,car,honda,amaze,diesel,2016,mumbai,30000,31980,1,1,1,0,0,0,0,0,0,1,0,0,0,0,6900
212,car,honda,amaze,diesel,2016,mumbai,30000,30009,1,1,1,0,0,0,0,0,0,1,0,0,0,0,7300
213,car,honda,amaze,diesel,2016,mumbai,30000,34543,1,1,1,0,0,0,0,0,0,1,0,0,0,0,7250
214,car,honda,amaze,diesel,2016,mumbai,30000,34543,1,1,1,0,0,0,0,0,0,1,0,0,0,0,7000
215,car,honda,amaze,diesel,2016,mumbai,30000,28987,1,1,1,0,0,0,0,0,0,1,0,0,0,0,7100
216,car,honda,amaze,diesel,2016,mumbai,30000,31654,1,1,1,0,0,0,0,0,0,1,0,0,0,0,8300
217,car,honda,amaze,diesel,2016,mumbai,30000,31098,1,1,1,0,0,0,0,0,0,1,0,0,0,0,8250
218,car,honda,amaze,diesel,2016,mumbai,30000,26789,1,1,1,0,0,0,0,0,0,1,0,0,0,0,8400
219,car,honda,amaze,diesel,2016,mumbai,30000,32456,1,1,1,0,0,0,0,0,0,1,0,0,0,0,8150
220,car,honda,amaze,diesel,2016,mumbai,30000,27865,1,1,1,0,0,0,0,0,0,1,0,0,0,0,10000
221,car,honda,amaze,diesel,2016,mumbai,30000,29876,1,1,1,0,0,0,0,0,0,1,0,0,0,0,9500
222,car,honda,amaze,diesel,2016,mumbai,30000,31245,1,1,1,0,0,0,0,0,0,1,0,0,0,0,9870
223,car,honda,amaze,diesel,2016,mumbai,30000,33233,1,1,1,0,0,0,0,0,0,1,0,0,0,0,9100
224,car,honda,amaze,diesel,2016,mumbai,40000,40100,1,1,1,0,0,1,1,0,0,0,0,1,1,0,6000
225,car,honda,amaze,diesel,2016,mumbai,40000,43221,1,1,1,0,0,1,1,0,0,0,0,1,1,0,6950
226,car,honda,amaze,diesel,2016,mumbai,40000,41098,1,1,1,0,0,1,1,0,0,0,0,1,1,0,6250
227,car,honda,amaze,diesel,2016,mumbai,40000,42222,1,1,1,0,0,1,1,0,0,0,0,1,1,0,6000
228,car,honda,amaze,diesel,2016,mumbai,40000,43766,1,1,1,0,0,1,1,0,0,0,0,1,1,0,6100
229,car,honda,amaze,diesel,2016,mumbai,40000,41787,1,1,1,0,0,1,1,0,0,0,0,1,1,0,6200
230,car,honda,amaze,diesel,2016,mumbai,40000,42234,1,1,1,0,0,1,1,0,0,0,0,1,1,0,6150
231,car,honda,amaze,diesel,2016,mumbai,40000,42656,1,1,1,0,0,1,1,0,0,0,0,1,1,0,6100
232,car,honda,amaze,diesel,2016,mumbai,40000,43298,1,1,1,0,0,1,1,0,0,0,0,1,1,0,5900
233,car,honda,amaze,diesel,2016,mumbai,40000,42787,1,1,1,0,0,1,1,0,0,0,0,1,1,0,6000
234,car,honda,amaze,diesel,2016,mumbai,40000,40093,1,1,1,0,0,1,1,0,0,0,0,1,1,0,6250
235,car,honda,amaze,diesel,2016,mumbai,40000,41980,1,1,1,0,0,1,1,0,0,0,0,1,1,0,6000
236,car,honda,amaze,diesel,2016,mumbai,40000,40105,1,1,1,0,0,1,1,0,0,0,0,1,1,0,6100
237,car,honda,amaze,diesel,2016,mumbai,40000,43000,1,1,1,0,0,1,1,0,0,0,0,1,1,0,7300
238,car,honda,amaze,diesel,2016,mumbai,40000,38789,1,1,1,0,0,1,1,0,0,0,0,1,1,0,7250
239,car,honda,amaze,diesel,2016,mumbai,40000,44004,1,1,1,0,0,1,1,0,0,0,0,1,1,0,7100
240,car,honda,amaze,diesel,2016,mumbai,40000,43898,1,1,1,0,0,1,1,0,0,0,0,1,1,0,7450
241,car,honda,amaze,diesel,2016,mumbai,40000,41098,1,1,1,0,0,1,1,0,0,0,0,1,1,0,9500
242,car,honda,amaze,diesel,2016,mumbai,40000,42000,1,1,1,0,0,1,1,0,0,0,0,1,1,0,8500
243,car,honda,amaze,diesel,2016,mumbai,40000,39450,1,1,1,0,0,1,1,0,0,0,0,1,1,0,8250
244,car,honda,amaze,diesel,2016,mumbai,40000,40105,1,1,1,0,0,1,1,0,0,0,0,1,1,0,8300
245,car,honda,amaze,diesel,2016,mumbai,50000,50005,1,1,1,0,1,0,0,0,0,1,0,0,0,0,6950
246,car,honda,amaze,diesel,2016,mumbai,50000,50100,1,1,1,0,1,0,0,0,0,1,0,0,0,0,6950
247,car,honda,amaze,diesel,2016,mumbai,50000,51050,1,1,1,0,1,0,0,0,0,1,0,0,0,0,7200
248,car,honda,amaze,diesel,2016,mumbai,50000,52000,1,1,1,0,1,0,0,0,0,1,0,0,0,0,6900
249,car,honda,amaze,diesel,2016,mumbai,50000,49850,1,1,1,0,1,0,0,0,0,1,0,0,0,0,7000
250,car,honda,amaze,diesel,2016,mumbai,50000,52500,1,1,1,0,1,0,0,0,0,1,0,0,0,0,7030
251,car,honda,amaze,diesel,2016,mumbai,50000,47500,1,1,1,0,1,0,0,0,0,1,0,0,0,0,6930
252,car,honda,amaze,diesel,2016,mumbai,50000,51250,1,1,1,0,1,0,0,0,0,1,0,0,0,0,6900
253,car,honda,amaze,diesel,2016,mumbai,50000,50090,1,1,1,0,1,0,0,0,0,1,0,0,0,0,6750
254,car,honda,amaze,diesel,2016,mumbai,50000,52100,1,1,1,0,1,0,0,0,0,1,0,0,0,0,6800
255,car,honda,amaze,diesel,2016,mumbai,50000,51023,1,1,1,0,1,0,0,0,0,1,0,0,0,0,7150
256,car,honda,amaze,diesel,2016,mumbai,50000,53909,1,1,1,0,1,0,0,0,0,1,0,0,0,0,7100
257,car,honda,amaze,diesel,2016,mumbai,50000,54098,1,1,1,0,1,0,0,0,0,1,0,0,0,0,6950
258,car,honda,amaze,diesel,2016,mumbai,50000,52345,1,1,1,0,1,0,0,0,0,1,0,0,0,0,8050
259,car,honda,amaze,diesel,2016,mumbai,50000,51098,1,1,1,0,1,0,0,0,0,1,0,0,0,0,8100
260,car,honda,amaze,diesel,2016,mumbai,50000,52342,1,1,1,0,1,0,0,0,0,1,0,0,0,0,8200
261,car,honda,amaze,diesel,2016,mumbai,50000,51098,1,1,1,0,1,0,0,0,0,1,0,0,0,0,8000
262,car,honda,amaze,diesel,2016,mumbai,50000,51231,1,1,1,0,1,0,0,0,0,1,0,0,0,0,9250
263,car,honda,amaze,diesel,2016,mumbai,50000,50987,1,1,1,0,1,0,0,0,0,1,0,0,0,0,8900
264,car,honda,amaze,diesel,2016,mumbai,50000,49878,1,1,1,0,0,0,0,0,0,1,0,0,0,0,9250
265,car,honda,amaze,diesel,2016,mumbai,50000,50100,1,1,1,0,0,0,0,0,0,1,0,0,0,0,9000
266,car,honda,amaze,diesel,2016,mumbai,60000,61580,1,1,1,0,0,1,1,0,1,0,1,0,0,0,7400
267,car,honda,amaze,diesel,2016,mumbai,60000,60765,1,1,1,0,0,1,1,0,1,0,1,0,0,0,7250
268,car,honda,amaze,diesel,2016,mumbai,60000,60272,1,1,1,0,0,1,1,0,1,0,1,0,0,0,7350
269,car,honda,amaze,diesel,2016,mumbai,60000,60347,1,1,1,0,0,1,1,0,1,0,1,0,0,0,7300
270,car,honda,amaze,diesel,2016,mumbai,60000,60322,1,1,1,0,0,1,1,0,1,0,1,0,0,0,7450
271,car,honda,amaze,diesel,2016,mumbai,60000,60347,1,1,1,0,0,1,1,0,1,0,1,0,0,0,7600
272,car,honda,amaze,diesel,2016,mumbai,60000,60473,1,1,1,0,0,1,1,0,1,0,1,0,0,0,7500
273,car,honda,amaze,diesel,2016,mumbai,60000,61009,1,1,1,0,0,1,1,0,1,0,1,0,0,0,7290
274,car,honda,amaze,diesel,2016,mumbai,60000,59498,1,1,1,0,0,1,1,0,1,0,1,0,0,0,7350
275,car,honda,amaze,diesel,2016,mumbai,60000,57976,1,1,1,0,0,1,1,0,1,0,1,0,0,0,7400
276,car,honda,amaze,diesel,2016,mumbai,60000,55789,1,1,1,0,0,1,1,0,1,0,1,0,0,0,7700
277,car,honda,amaze,diesel,2016,mumbai,60000,61075,1,1,1,0,0,1,1,0,1,0,1,0,0,0,7250
278,car,honda,amaze,diesel,2016,mumbai,60000,66098,1,1,1,0,0,1,1,0,1,0,1,0,0,0,7450
279,car,honda,amaze,diesel,2016,mumbai,60000,60975,1,1,1,0,0,1,1,0,1,0,1,0,0,0,8400
280,car,honda,amaze,diesel,2016,mumbai,60000,56094,1,1,1,0,0,1,1,0,1,0,1,0,0,0,8250
281,car,honda,amaze,diesel,2016,mumbai,60000,54986,1,1,1,0,0,1,1,0,1,0,1,0,0,0,8200
282,car,honda,amaze,diesel,2016,mumbai,60000,58342,1,1,1,0,0,1,1,0,1,0,1,0,0,0,8300
283,car,honda,amaze,diesel,2016,mumbai,60000,58098,1,1,1,0,0,1,1,0,1,0,1,0,0,0,12000
284,car,honda,amaze,diesel,2016,mumbai,60000,65093,1,1,1,0,0,1,1,0,1,0,1,0,0,0,11050
285,car,honda,amaze,diesel,2016,mumbai,60000,60347,1,1,1,0,0,1,1,0,1,0,1,0,0,0,10500
286,car,honda,amaze,diesel,2016,mumbai,60000,61372,1,1,1,0,0,1,1,0,1,0,1,0,0,0,11000
287,car,honda,amaze,diesel,2016,mumbai,60000,60437,1,1,1,0,0,1,1,0,1,0,1,0,0,0,8200
288,car,honda,amaze,diesel,2016,mumbai,70000,70262,1,1,1,0,1,0,0,0,1,1,1,1,0,0,8205
289,car,honda,amaze,diesel,2016,mumbai,70000,70373,1,1,1,0,1,0,0,0,1,1,1,1,0,0,8350
290,car,honda,amaze,diesel,2016,mumbai,70000,70764,1,1,1,0,1,0,0,0,1,1,1,1,0,0,8400
291,car,honda,amaze,diesel,2016,mumbai,70000,70384,1,1,1,0,1,0,0,0,0,1,0,1,0,0,8200
292,car,honda,amaze,diesel,2016,mumbai,70000,70976,1,1,1,0,1,0,0,0,0,1,0,1,0,0,8200
293,car,honda,amaze,diesel,2016,mumbai,70000,71253,1,1,1,0,1,0,0,0,0,1,0,1,0,0,8250
294,car,honda,amaze,diesel,2016,mumbai,70000,70311,1,1,1,0,1,0,0,0,0,1,0,1,0,0,8230
295,car,honda,amaze,diesel,2016,mumbai,70000,70789,1,1,1,0,1,0,0,0,0,1,0,1,0,0,8100
296,car,honda,amaze,diesel,2016,mumbai,70000,70098,1,1,1,0,1,0,0,0,0,1,0,1,0,0,8250
297,car,honda,amaze,diesel,2016,mumbai,70000,69432,1,1,1,0,1,0,0,0,0,1,0,1,0,0,8300
298,car,honda,amaze,diesel,2016,mumbai,70000,70894,1,1,1,0,1,0,0,0,0,1,0,1,0,0,8100
299,car,honda,amaze,diesel,2016,mumbai,70000,70753,1,1,1,0,1,0,0,0,0,1,0,1,0,0,8250
300,car,honda,amaze,diesel,2016,mumbai,70000,70756,1,1,1,0,1,0,0,0,0,1,0,1,0,0,9750
301,car,honda,amaze,diesel,2016,mumbai,70000,70890,1,1,1,0,1,0,0,0,0,1,0,1,0,0,9300
302,car,honda,amaze,diesel,2016,mumbai,70000,70473,1,1,1,0,1,0,0,0,0,1,0,1,0,0,9250
303,car,honda,amaze,diesel,2016,mumbai,70000,70985,1,1,1,0,1,0,0,0,0,1,0,1,0,0,9500
304,car,honda,amaze,diesel,2016,mumbai,70000,70342,1,1,1,0,1,0,0,0,0,1,0,1,1,1,13250
305,car,honda,amaze,diesel,2016,mumbai,70000,70033,1,1,1,0,1,0,0,0,0,1,0,1,1,0,13450
306,car,honda,amaze,diesel,2016,mumbai,70000,70653,1,1,1,0,1,0,0,0,0,1,0,1,1,1,12500
307,car,honda,amaze,diesel,2016,mumbai,70000,70373,1,1,1,0,1,0,0,0,0,1,0,1,1,0,13000
308,car,honda,amaze,diesel,2016,mumbai,80000,82238,1,1,1,0,0,1,1,0,0,0,0,0,0,0,9400
309,car,honda,amaze,diesel,2016,mumbai,80000,89843,1,1,1,0,0,1,1,0,0,0,0,0,0,0,9550
310,car,honda,amaze,diesel,2016,mumbai,80000,85347,1,1,1,0,0,1,1,0,0,0,0,0,0,0,9450
311,car,honda,amaze,diesel,2016,mumbai,80000,82782,1,1,1,0,0,1,1,0,0,0,0,0,0,0,9350
312,car,honda,amaze,diesel,2016,mumbai,80000,80238,1,1,1,0,0,1,1,0,0,0,0,0,0,0,9500
313,car,honda,amaze,diesel,2016,mumbai,80000,88236,1,1,1,0,0,1,1,0,0,0,0,0,0,0,9700
314,car,honda,amaze,diesel,2016,mumbai,80000,86235,1,1,1,0,0,1,1,0,0,0,0,0,0,0,9850
315,car,honda,amaze,diesel,2016,mumbai,100000,117842,1,1,1,0,0,0,0,0,1,0,1,0,0,1,11250
316,car,honda,amaze,diesel,2016,mumbai,100000,103282,1,1,1,0,0,0,0,0,1,0,1,0,0,1,11050
317,car,honda,amaze,diesel,2016,mumbai,100000,102392,1,1,1,0,0,0,0,0,1,0,1,0,0,1,10500
318,car,honda,amaze,diesel,2016,mumbai,100000,112722,1,1,1,0,0,0,0,0,1,0,1,0,0,1,10900
319,car,honda,amaze,diesel,2016,mumbai,100000,90327,1,1,1,0,1,0,0,0,0,1,0,0,0,0,13000
320,car,honda,amaze,diesel,2016,mumbai,100000,90272,1,1,1,0,1,0,0,0,0,1,0,0,0,1,13850
321,car,honda,amaze,diesel,2016,mumbai,100000,90322,1,1,1,0,1,0,0,0,0,1,0,0,0,1,13500
322,car,honda,amaze,diesel,2016,mumbai,100000,90998,1,1,1,0,1,0,0,0,0,1,0,0,0,0,14000
323,car,honda,amaze,petrol,2017,chennai,10000,10327,1,1,0,0,1,0,0,0,0,0,0,0,0,0,1410
324,car,honda,amaze,petrol,2017,chennai,10000,10469,1,1,0,0,1,0,0,0,0,0,0,0,0,0,1487
325,car,honda,amaze,petrol,2017,chennai,10000,10548,1,1,0,0,0,0,0,0,0,0,0,0,0,0,1497
326,car,honda,amaze,petrol,2017,chennai,10000,10639,1,1,0,0,0,0,0,0,0,0,0,0,0,0,1450
327,car,honda,amaze,petrol,2017,chennai,10000,10341,1,1,0,0,0,0,0,0,0,0,0,0,0,0,1479
328,car,honda,amaze,petrol,2017,chennai,10000,10534,1,1,0,0,0,0,0,0,0,0,0,0,0,0,1497
329,car,honda,amaze,petrol,2017,chennai,10000,10231,1,1,0,0,1,0,0,0,0,0,0,0,0,0,1500
330,car,honda,amaze,petrol,2017,chennai,10000,10659,1,1,0,0,0,0,0,0,0,0,0,0,0,0,1399
331,car,honda,amaze,petrol,2017,chennai,10000,11236,1,1,0,0,0,0,0,0,0,0,0,0,0,0,1499
332,car,honda,amaze,petrol,2017,chennai,10000,10860,1,1,0,0,0,0,0,0,0,0,0,0,0,0,1510
333,car,honda,amaze,petrol,2017,chennai,10000,10457,1,1,0,0,0,0,0,0,0,0,0,0,0,0,1550
334,car,honda,amaze,petrol,2017,chennai,10000,11468,1,1,0,0,0,0,0,0,0,0,0,0,0,0,1523
335,car,honda,amaze,petrol,2017,chennai,10000,9075,1,1,0,0,0,0,0,0,0,0,0,0,0,0,1482
336,car,honda,amaze,petrol,2017,chennai,10000,10234,1,1,0,0,0,0,0,0,0,0,0,0,0,0,1482
337,car,honda,amaze,petrol,2017,chennai,10000,10647,1,1,0,0,1,0,0,0,0,0,0,0,0,0,1830
338,car,honda,amaze,petrol,2017,chennai,10000,9766,1,1,0,0,0,0,0,0,0,0,0,0,0,0,1910
339,car,honda,amaze,petrol,2017,chennai,10000,10647,1,1,1,0,0,0,0,0,0,0,0,0,0,0,1838
340,car,honda,amaze,petrol,2017,chennai,10000,10467,1,1,1,0,1,0,0,0,0,0,0,0,0,0,1847
341,car,honda,amaze,petrol,2017,chennai,10000,10654,1,1,1,0,1,0,0,0,0,0,0,0,0,0,1862
342,car,honda,amaze,petrol,2017,chennai,10000,11244,1,1,1,0,1,0,0,0,0,0,0,0,0,0,1899
343,car,honda,amaze,petrol,2017,chennai,10000,10326,1,1,1,0,0,0,0,0,0,0,0,0,0,0,1890
344,car,honda,amaze,petrol,2017,chennai,20000,20657,1,1,1,0,0,1,0,0,0,0,0,0,0,0,3860
345,car,honda,amaze,petrol,2017,chennai,20000,20732,1,1,1,0,0,1,0,0,0,0,0,0,0,0,3999
346,car,honda,amaze,petrol,2017,chennai,20000,20327,1,1,1,0,0,1,0,0,0,0,0,0,0,0,3899
347,car,honda,amaze,petrol,2017,chennai,20000,20474,1,1,1,0,0,1,0,0,0,0,0,0,0,0,3821
348,car,honda,amaze,petrol,2017,chennai,20000,20473,1,1,1,0,0,1,0,0,0,0,0,0,0,0,3932
349,car,honda,amaze,petrol,2017,chennai,20000,20436,1,1,1,0,0,1,0,0,0,0,0,0,0,0,3829
350,car,honda,amaze,petrol,2017,chennai,20000,20859,1,1,1,0,0,1,0,0,0,0,0,0,0,0,3997
351,car,honda,amaze,petrol,2017,chennai,20000,20908,1,1,1,0,0,1,0,0,0,0,0,0,0,0,3964
352,car,honda,amaze,petrol,2017,chennai,20000,21382,1,1,1,0,0,1,0,0,0,0,0,0,0,0,4100
353,car,honda,amaze,petrol,2017,chennai,20000,19732,1,1,1,0,0,1,0,0,0,0,0,0,0,0,3973
354,car,honda,amaze,petrol,2017,chennai,20000,20823,1,1,1,0,1,1,0,0,0,0,0,0,0,0,3974
355,car,honda,amaze,petrol,2017,chennai,20000,20373,1,1,1,0,1,1,0,0,0,0,0,0,0,0,3982
356,car,honda,amaze,petrol,2017,chennai,20000,20472,1,1,1,0,1,1,0,0,0,0,0,0,0,0,3836
357,car,honda,amaze,petrol,2017,chennai,20000,19236,1,1,1,0,1,1,0,0,0,0,0,0,0,0,3897
358,car,honda,amaze,petrol,2017,chennai,20000,20274,1,1,1,0,0,1,0,0,0,0,0,0,0,0,3977
359,car,honda,amaze,petrol,2017,chennai,20000,20769,1,1,1,0,0,1,0,0,0,0,0,0,0,0,3999
360,car,honda,amaze,petrol,2017,chennai,20000,20579,1,1,1,0,1,1,0,0,0,0,0,0,0,0,4030
361,car,honda,amaze,petrol,2017,chennai,20000,21732,1,1,1,0,0,1,0,0,0,0,0,0,0,0,4020
362,car,honda,amaze,petrol,2017,chennai,20000,20437,1,1,1,0,0,1,0,0,0,0,0,0,0,0,4099
363,car,honda,amaze,petrol,2017,chennai,20000,20756,1,1,1,0,0,1,0,0,0,0,0,0,0,0,4074
364,car,honda,amaze,petrol,2017,chennai,30000,30832,1,1,1,0,0,0,1,0,0,0,0,0,0,0,4410
365,car,honda,amaze,petrol,2017,chennai,30000,30272,1,1,1,0,0,0,1,0,0,0,0,0,0,0,4500
366,car,honda,amaze,petrol,2017,chennai,30000,30597,1,1,1,0,0,0,1,0,0,0,0,0,0,0,4489
367,car,honda,amaze,petrol,2017,chennai,30000,31820,1,1,1,0,0,0,1,0,0,0,0,0,0,0,4799
368,car,honda,amaze,petrol,2017,chennai,30000,30317,1,1,1,0,0,0,1,0,0,0,0,0,0,0,4599
369,car,honda,amaze,petrol,2017,chennai,30000,30328,1,1,1,0,0,0,1,0,0,0,0,0,0,0,4399
370,car,honda,amaze,petrol,2017,chennai,30000,30372,1,1,1,0,0,0,1,0,0,0,0,0,0,0,4389
371,car,honda,amaze,petrol,2017,chennai,30000,29633,1,1,1,0,0,0,1,0,0,0,0,0,0,0,4454
372,car,honda,amaze,petrol,2017,chennai,30000,30286,1,1,1,0,0,0,1,0,0,0,0,0,0,0,4487
373,car,honda,amaze,petrol,2017,chennai,30000,30382,1,1,1,0,0,0,1,0,0,0,0,0,0,0,4483
374,car,honda,amaze,petrol,2017,chennai,30000,30211,1,1,1,0,0,0,1,0,0,0,0,0,0,0,4478
375,car,honda,amaze,petrol,2017,chennai,30000,30742,1,1,1,0,0,0,1,0,0,0,0,0,0,0,4449
376,car,honda,amaze,petrol,2017,chennai,30000,30986,1,1,1,0,0,0,1,0,0,0,0,0,0,0,4920
377,car,honda,amaze,petrol,2017,chennai,30000,30238,1,1,1,0,0,0,1,0,0,0,0,0,0,0,4910
378,car,honda,amaze,petrol,2017,chennai,30000,30328,1,1,1,0,0,0,1,0,0,0,0,0,0,0,4999
379,car,honda,amaze,petrol,2017,chennai,30000,30248,1,1,1,0,0,0,1,0,0,0,0,0,0,0,4899
380,car,honda,amaze,petrol,2017,chennai,30000,31722,1,1,1,0,0,0,1,0,0,0,0,0,0,0,5100
381,car,honda,amaze,petrol,2017,chennai,30000,30827,1,1,1,0,0,0,1,0,0,0,0,0,0,0,5099
382,car,honda,amaze,petrol,2017,chennai,30000,30238,1,1,1,0,0,0,1,0,0,0,0,0,0,0,5189
383,car,honda,amaze,petrol,2017,chennai,30000,30278,1,1,1,0,0,0,1,0,0,0,0,0,0,0,5149
384,car,honda,amaze,petrol,2017,chennai,40000,40279,1,1,1,0,0,1,0,1,0,1,0,0,0,0,5200
385,car,honda,amaze,petrol,2017,chennai,40000,40379,1,1,1,0,0,1,0,1,0,1,0,0,0,0,5199
386,car,honda,amaze,petrol,2017,chennai,40000,42082,1,1,1,0,0,1,0,1,0,1,0,0,0,0,5299
387,car,honda,amaze,petrol,2017,chennai,40000,40272,1,1,1,0,0,1,0,1,0,1,0,0,0,0,5289
388,car,honda,amaze,petrol,2017,chennai,40000,40733,1,1,1,0,0,1,0,1,0,1,0,0,0,0,5249
389,car,honda,amaze,petrol,2017,chennai,40000,41382,1,1,1,0,0,1,0,1,0,1,0,0,0,0,5399
390,car,honda,amaze,petrol,2017,chennai,40000,40289,1,1,1,0,0,1,0,1,0,1,0,0,0,0,5310
391,car,honda,amaze,petrol,2017,chennai,40000,39236,1,1,1,0,0,1,0,1,0,1,0,0,0,0,5329
392,car,honda,amaze,petrol,2017,chennai,40000,40722,1,1,1,0,0,1,0,1,0,1,0,0,0,0,5392
393,car,honda,amaze,petrol,2017,chennai,40000,40283,1,1,1,0,0,1,0,1,0,1,0,0,0,0,5374
394,car,honda,amaze,petrol,2017,chennai,40000,40287,1,1,1,0,0,1,0,1,0,1,0,0,0,0,5399
395,car,honda,amaze,petrol,2017,chennai,40000,39723,1,1,1,0,0,1,0,1,0,1,0,0,0,0,5319
396,car,honda,amaze,petrol,2017,chennai,40000,41372,1,1,1,0,0,1,0,1,0,1,0,0,0,0,5378
397,car,honda,amaze,petrol,2017,chennai,40000,40427,1,1,1,0,0,1,0,1,0,1,0,0,0,0,5400
398,car,honda,amaze,petrol,2017,chennai,40000,40282,1,1,1,0,0,1,0,1,0,1,0,0,0,0,5789
399,car,honda,amaze,petrol,2017,chennai,40000,40797,1,1,1,0,0,1,0,1,0,1,0,0,0,0,5699
400,car,honda,amaze,petrol,2017,chennai,40000,40775,1,1,1,0,0,1,0,1,0,1,0,0,0,0,5719
401,car,honda,amaze,petrol,2017,chennai,40000,40487,1,1,1,0,0,1,0,1,0,1,0,0,0,0,5723
402,car,honda,amaze,petrol,2017,chennai,40000,40795,1,1,1,0,0,1,0,1,0,1,0,0,0,0,5800
403,car,honda,amaze,petrol,2017,chennai,40000,40479,1,1,1,0,0,1,0,1,0,1,0,0,0,0,5749
404,car,honda,amaze,petrol,2017,chennai,50000,50392,1,1,1,0,0,0,0,0,0,0,0,0,0,0,4560
405,car,honda,amaze,petrol,2017,chennai,50000,52100,1,1,1,0,0,0,0,0,0,0,0,0,0,0,4600
406,car,honda,amaze,petrol,2017,chennai,50000,51023,1,1,1,0,0,0,0,0,0,0,0,0,0,0,4599
407,car,honda,amaze,petrol,2017,chennai,50000,53909,1,1,1,0,0,0,0,0,0,0,0,0,0,0,4589
408,car,honda,amaze,petrol,2017,chennai,50000,54098,1,1,1,0,0,0,0,0,0,0,0,0,0,0,4579
409,car,honda,amaze,petrol,2017,chennai,50000,50438,1,1,1,0,0,0,0,0,0,0,0,0,0,0,4569
410,car,honda,amaze,petrol,2017,chennai,50000,51832,1,1,1,0,0,0,0,0,0,0,0,0,0,0,4559
411,car,honda,amaze,petrol,2017,chennai,50000,49732,1,1,1,0,0,0,0,0,0,0,0,0,0,0,4579
412,car,honda,amaze,petrol,2017,chennai,50000,49028,1,1,1,0,0,0,0,0,0,0,0,1,0,0,4584
413,car,honda,amaze,petrol,2017,chennai,50000,50373,1,1,1,0,0,0,0,0,0,0,0,1,0,0,4597
414,car,honda,amaze,petrol,2017,chennai,50000,50342,1,1,1,0,0,0,0,0,0,0,0,1,0,0,4573
415,car,honda,amaze,petrol,2017,chennai,50000,50384,1,1,1,0,0,0,0,0,0,0,0,1,0,0,4586
416,car,honda,amaze,petrol,2017,chennai,50000,50878,1,1,1,0,0,0,0,0,0,0,0,1,0,0,4588
417,car,honda,amaze,petrol,2017,chennai,50000,50754,1,1,1,0,0,0,0,0,0,0,0,1,0,0,4799
418,car,honda,amaze,petrol,2017,chennai,50000,51437,1,1,1,0,0,0,0,0,0,0,0,1,0,0,4789
419,car,honda,amaze,petrol,2017,chennai,50000,50347,1,1,1,0,1,0,0,0,0,0,0,1,0,0,4800
420,car,honda,amaze,petrol,2017,chennai,50000,50354,1,1,1,0,1,0,0,0,0,0,0,1,0,0,4796
421,car,honda,amaze,petrol,2017,chennai,50000,50578,1,1,1,0,0,0,0,0,0,0,0,1,0,0,5899
422,car,honda,amaze,petrol,2017,chennai,50000,50896,1,1,1,0,1,0,0,0,0,0,0,1,0,0,5799
423,car,honda,amaze,petrol,2017,chennai,50000,50373,1,1,1,0,0,0,0,0,0,0,0,1,0,0,5749
424,car,honda,amaze,petrol,2017,chennai,60000,60292,1,1,1,0,0,1,0,0,1,0,1,1,1,0,6890
425,car,honda,amaze,petrol,2017,chennai,60000,60383,1,1,1,0,0,1,0,0,1,0,1,1,1,0,6899
426,car,honda,amaze,petrol,2017,chennai,60000,60437,1,1,1,0,0,1,0,0,1,0,1,1,1,0,6800
427,car,honda,amaze,petrol,2017,chennai,60000,60232,1,1,1,0,0,1,0,0,1,0,1,1,1,0,6799
428,car,honda,amaze,petrol,2017,chennai,60000,60383,1,1,1,0,0,1,0,0,1,0,1,1,1,0,6820
429,car,honda,amaze,petrol,2017,chennai,60000,60332,1,1,1,0,0,1,0,0,1,0,1,1,1,0,6830
430,car,honda,amaze,petrol,2017,chennai,60000,60427,1,1,1,0,0,1,0,0,1,0,1,1,1,0,6859
431,car,honda,amaze,petrol,2017,chennai,60000,60349,1,1,1,0,0,1,0,0,1,0,1,1,1,0,6849
432,car,honda,amaze,petrol,2017,chennai,60000,60374,1,1,1,0,0,1,0,0,1,0,1,0,1,0,6900
433,car,honda,amaze,petrol,2017,chennai,60000,60694,1,1,1,0,0,1,0,0,1,0,1,0,1,0,6888
434,car,honda,amaze,petrol,2017,chennai,60000,61379,1,1,1,0,0,1,0,0,1,0,1,0,1,0,6789
435,car,honda,amaze,petrol,2017,chennai,60000,59262,1,1,1,0,0,1,0,0,1,0,1,0,1,0,6839
436,car,honda,amaze,petrol,2017,chennai,60000,60347,1,1,1,0,0,1,0,0,1,0,1,0,1,0,6949
437,car,honda,amaze,petrol,2017,chennai,60000,60544,1,1,1,0,0,1,0,0,1,0,1,0,1,0,6899
438,car,honda,amaze,petrol,2017,chennai,60000,61322,1,1,1,0,0,1,0,0,1,0,1,0,1,0,6890
439,car,honda,amaze,petrol,2017,chennai,60000,60548,1,1,1,0,0,1,1,0,1,0,1,0,1,0,6910
440,car,honda,amaze,petrol,2017,chennai,60000,62289,1,1,1,0,0,1,1,0,1,0,1,0,1,0,6999
441,car,honda,amaze,petrol,2017,chennai,60000,60343,1,1,1,0,0,1,1,0,1,0,1,0,1,0,6989
442,car,honda,amaze,petrol,2017,chennai,60000,60437,1,1,1,0,0,1,1,0,1,0,1,0,1,0,6900
443,car,honda,amaze,petrol,2017,chennai,60000,60353,1,1,1,0,0,1,0,0,1,0,1,0,1,0,6910
444,car,honda,amaze,petrol,2017,chennai,70000,70347,1,1,1,0,0,0,0,0,0,0,0,0,0,0,1499
445,car,honda,amaze,petrol,2017,chennai,70000,70547,1,1,1,0,1,0,0,0,0,0,0,0,0,0,1469
446,car,honda,amaze,petrol,2017,chennai,70000,70483,1,1,1,0,1,0,0,0,0,0,0,0,0,0,1450
447,car,honda,amaze,petrol,2017,chennai,70000,70785,1,1,1,0,1,0,0,0,0,0,0,0,0,0,1479
448,car,honda,amaze,petrol,2017,chennai,70000,71032,1,1,1,0,1,0,0,0,0,0,0,0,0,0,1497
449,car,honda,amaze,petrol,2017,chennai,70000,71372,1,1,1,0,1,0,0,0,0,0,0,0,0,0,1500
450,car,honda,amaze,petrol,2017,chennai,70000,70321,1,1,1,0,1,0,0,0,0,0,0,0,0,0,1399
451,car,honda,amaze,petrol,2017,chennai,70000,70232,1,1,1,0,1,0,0,0,0,0,0,0,0,0,1499
452,car,honda,amaze,petrol,2017,chennai,70000,69322,1,1,1,0,1,0,0,0,0,0,0,0,0,0,1510
453,car,honda,amaze,petrol,2017,chennai,70000,70237,1,1,1,0,1,0,0,0,0,0,0,0,0,0,1550
454,car,honda,amaze,petrol,2017,chennai,70000,70327,1,1,1,0,0,0,0,0,0,0,0,0,0,0,1523
455,car,honda,amaze,petrol,2017,chennai,70000,71326,1,1,1,0,0,0,0,0,0,0,0,0,0,0,1600
456,car,honda,amaze,petrol,2017,chennai,70000,70237,1,1,1,0,0,0,0,0,0,0,0,0,0,0,1599
457,car,honda,amaze,petrol,2017,chennai,70000,70895,1,1,1,0,0,0,0,0,0,0,0,0,0,0,1610
458,car,honda,amaze,petrol,2017,chennai,70000,69923,1,1,1,0,0,0,0,0,0,0,0,0,0,0,1620
459,car,honda,amaze,petrol,2017,chennai,70000,69090,1,1,1,0,0,0,0,1,0,1,0,0,0,0,1623
460,car,honda,amaze,petrol,2017,chennai,70000,70327,1,1,1,0,0,0,0,1,0,1,0,0,0,0,1799
461,car,honda,amaze,petrol,2017,chennai,70000,70328,1,1,1,0,0,0,0,1,0,1,0,0,0,0,1800
462,car,honda,amaze,petrol,2017,chennai,70000,70685,1,1,1,0,0,0,0,1,0,0,0,0,0,0,1899
463,car,honda,amaze,petrol,2017,chennai,70000,70745,1,1,1,0,0,0,0,0,0,0,0,0,0,0,1910
464,car,honda,amaze,petrol,2017,chennai,80000,82028,1,1,1,0,0,1,1,1,0,0,0,0,0,0,5399
465,car,honda,amaze,petrol,2017,chennai,80000,84722,1,1,1,0,0,1,1,1,0,0,0,0,0,0,5319
466,car,honda,amaze,petrol,2017,chennai,80000,88431,1,1,1,0,0,1,1,1,0,0,0,0,0,0,5378
467,car,honda,amaze,petrol,2017,chennai,80000,86222,1,1,1,0,0,1,1,1,0,0,0,0,0,0,5400
468,car,honda,amaze,petrol,2017,chennai,80000,89233,1,1,1,0,0,1,1,1,0,1,0,0,0,0,5789
469,car,honda,amaze,petrol,2017,chennai,80000,81362,1,1,1,0,0,1,1,1,0,1,0,0,0,0,5699
470,car,honda,amaze,petrol,2017,chennai,80000,89237,1,1,1,0,0,1,1,1,0,0,0,0,0,0,5719
471,car,honda,amaze,petrol,2017,chennai,80000,85322,1,1,1,0,0,1,1,1,0,0,0,0,0,0,5723
472,car,honda,amaze,petrol,2017,chennai,80000,83842,1,1,1,0,0,1,1,1,0,0,0,0,0,0,5555
473,car,honda,amaze,petrol,2017,chennai,80000,87322,1,1,1,0,0,1,1,1,0,0,0,0,0,0,5599
474,car,honda,amaze,petrol,2017,chennai,80000,80469,1,1,1,0,0,1,1,1,0,0,0,0,0,0,5499
475,car,honda,amaze,petrol,2017,chennai,100000,103723,1,1,1,0,0,1,0,0,1,0,1,0,0,0,3821
476,car,honda,amaze,petrol,2017,chennai,100000,113244,1,1,1,0,0,0,0,0,1,0,1,0,0,0,3932
477,car,honda,amaze,petrol,2017,chennai,100000,127229,1,1,1,0,0,0,0,0,1,0,1,0,0,0,3829
478,car,honda,amaze,petrol,2017,chennai,100000,109931,1,1,1,0,0,0,0,0,0,0,1,0,0,0,3997
479,car,honda,amaze,petrol,2017,chennai,100000,90327,1,1,1,0,0,0,0,0,0,0,0,0,1,0,3899
480,car,honda,amaze,petrol,2017,chennai,100000,99323,1,1,1,0,0,0,0,0,0,0,0,0,0,0,1800
481,car,honda,amaze,petrol,2017,chennai,100000,93642,1,1,1,0,0,0,0,0,0,0,0,0,0,0,1899
482,car,honda,amaze,petrol,2017,chennai,100000,96482,1,1,1,0,0,0,0,0,0,0,0,0,0,0,1820
483,car,honda,jazz,diesel,2018,mumbai,10000,10923,1,1,1,0,0,0,0,0,0,0,0,0,0,0,2000
484,car,honda,jazz,diesel,2016,mumbai,10000,10438,1,1,1,0,0,0,0,0,0,0,0,0,0,0,2348
485,car,honda,jazz,diesel,2016,mumbai,10000,11004,1,1,1,0,0,0,0,0,0,0,0,0,0,0,2449
486,car,honda,jazz,diesel,2016,mumbai,10000,10078,1,1,1,0,0,0,0,0,0,0,0,0,0,0,2399
487,car,honda,jazz,diesel,2016,mumbai,10000,12001,1,1,1,0,0,0,0,0,0,0,0,0,0,0,2389
488,car,honda,jazz,diesel,2016,mumbai,10000,10003,1,1,1,0,0,0,0,0,0,0,0,0,0,0,2310
489,car,honda,jazz,diesel,2016,mumbai,10000,9800,1,1,1,0,0,0,0,0,0,0,0,0,0,0,2379
490,car,honda,jazz,diesel,2016,mumbai,10000,10302,1,1,1,0,0,0,0,0,0,0,0,0,0,0,2369
491,car,honda,jazz,diesel,2016,mumbai,10000,10288,1,1,1,0,0,0,0,0,0,0,0,0,0,0,2399
492,car,honda,jazz,diesel,2016,mumbai,10000,10003,1,1,1,0,0,0,0,0,0,0,0,0,0,0,2469
493,car,honda,jazz,diesel,2016,mumbai,10000,10200,1,1,1,0,0,0,0,0,0,0,0,0,0,0,2400
494,car,honda,jazz,diesel,2016,mumbai,10000,11328,1,1,1,0,0,0,0,0,0,0,0,0,0,0,2349
495,car,honda,jazz,diesel,2016,mumbai,10000,10327,1,1,1,0,0,0,0,0,0,0,0,0,0,0,2700
496,car,honda,jazz,diesel,2016,mumbai,10000,10374,1,1,1,0,0,0,0,0,0,0,0,0,0,0,2689
497,car,honda,jazz,diesel,2016,mumbai,10000,10211,1,1,1,0,0,0,0,0,0,0,0,0,0,0,2694
498,car,honda,jazz,diesel,2016,mumbai,10000,10232,1,1,1,0,0,0,0,0,0,0,0,0,0,0,2800
499,car,honda,jazz,diesel,2016,mumbai,10000,10978,1,1,1,0,0,0,0,0,0,0,0,0,0,0,2749
500,car,honda,jazz,diesel,2016,mumbai,10000,10759,1,1,1,0,0,0,0,0,0,0,0,0,0,0,2973
501,car,honda,jazz,diesel,2016,mumbai,10000,10659,1,1,1,0,0,0,0,0,0,0,0,0,0,0,2900
502,car,honda,jazz,diesel,2016,mumbai,10000,9038,1,1,1,0,0,0,0,0,0,0,0,0,0,0,2949
503,car,honda,jazz,diesel,2016,mumbai,10000,9021,1,1,1,0,1,0,0,0,0,0,0,0,0,0,2899
504,car,honda,jazz,diesel,2016,mumbai,20000,20978,1,1,1,0,1,0,0,0,0,0,0,0,0,0,6534
505,car,honda,jazz,diesel,2016,mumbai,20000,20908,1,1,1,1,1,1,1,0,0,0,0,0,0,0,6699
506,car,honda,jazz,diesel,2016,mumbai,20000,21382,1,1,1,1,1,1,1,0,0,0,0,0,0,0,6589
507,car,honda,jazz,diesel,2016,mumbai,20000,19732,1,1,1,1,1,1,1,0,0,0,0,0,0,0,6489
508,car,honda,jazz,diesel,2016,mumbai,20000,20823,1,1,1,1,1,1,1,0,0,0,0,0,0,0,6599
509,car,honda,jazz,diesel,2016,mumbai,20000,20373,1,1,1,1,1,1,1,0,0,0,0,0,0,0,6622
510,car,honda,jazz,diesel,2016,mumbai,20000,20472,1,1,1,1,1,1,1,0,0,0,0,0,0,0,6499
511,car,honda,jazz,diesel,2016,mumbai,20000,19236,1,1,1,1,1,1,1,0,0,0,0,0,0,0,6521
512,car,honda,jazz,diesel,2016,mumbai,20000,20274,1,1,1,1,1,1,1,0,0,0,0,0,0,0,6599
513,car,honda,jazz,diesel,2016,mumbai,20000,20768,1,1,1,1,1,1,1,0,0,0,0,0,0,0,6322
514,car,honda,jazz,diesel,2016,mumbai,20000,21867,1,1,1,1,1,1,1,0,0,0,0,0,0,0,6423
515,car,honda,jazz,diesel,2016,mumbai,20000,21688,1,1,1,1,1,1,1,0,0,0,0,0,0,0,6522
516,car,honda,jazz,diesel,2016,mumbai,20000,20766,1,1,1,1,1,1,1,0,0,0,0,0,0,0,4500
517,car,honda,jazz,diesel,2016,mumbai,20000,20987,1,1,1,1,1,1,1,0,0,0,0,0,0,0,6859
518,car,honda,jazz,diesel,2016,mumbai,20000,20243,1,1,1,1,1,1,1,0,0,0,0,0,0,0,6849
519,car,honda,jazz,diesel,2016,mumbai,20000,20657,1,1,1,1,1,1,1,0,0,0,0,0,0,0,6900
520,car,honda,jazz,diesel,2016,mumbai,20000,20124,1,1,1,1,1,1,1,0,0,0,0,0,0,0,6888
521,car,honda,jazz,diesel,2016,mumbai,20000,20870,1,1,1,1,1,1,1,0,0,0,0,0,0,0,7110
522,car,honda,jazz,diesel,2016,mumbai,20000,19076,1,1,1,1,1,1,1,0,0,0,0,0,0,0,7100
523,car,honda,jazz,diesel,2016,mumbai,20000,20475,1,1,1,1,1,1,1,0,0,0,0,0,0,0,6999
524,car,honda,jazz,diesel,2016,mumbai,30000,30867,1,1,1,0,0,0,0,0,0,0,0,0,0,0,4600
525,car,honda,jazz,diesel,2016,mumbai,30000,31820,1,1,1,0,0,0,0,0,0,0,0,0,0,0,4599
526,car,honda,jazz,diesel,2016,mumbai,30000,30317,1,1,1,0,0,0,0,0,0,0,0,0,0,0,4589
527,car,honda,jazz,diesel,2016,mumbai,30000,30328,1,1,1,0,0,0,0,0,0,0,0,0,0,0,4579
528,car,honda,jazz,diesel,2016,mumbai,30000,30372,1,1,1,0,0,0,0,0,0,0,0,0,0,0,4569
529,car,honda,jazz,diesel,2016,mumbai,30000,29633,1,1,1,0,0,0,0,0,0,0,0,0,0,0,4559
530,car,honda,jazz,diesel,2016,mumbai,30000,30286,1,1,1,0,0,0,0,0,0,0,0,0,0,0,4579
531,car,honda,jazz,diesel,2016,mumbai,30000,30382,1,1,1,0,0,0,0,0,0,0,0,0,0,0,4584
532,car,honda,jazz,diesel,2016,mumbai,30000,30211,1,1,1,0,0,0,0,0,0,0,0,0,0,0,4597
533,car,honda,jazz,diesel,2016,mumbai,30000,30783,1,1,1,0,0,0,0,0,0,0,0,0,0,0,4573
534,car,honda,jazz,diesel,2016,mumbai,30000,30463,1,1,1,0,0,0,0,0,0,0,0,0,0,0,4586
535,car,honda,jazz,diesel,2016,mumbai,30000,30463,1,1,1,0,0,0,0,0,0,0,0,0,0,0,4588
536,car,honda,jazz,diesel,2016,mumbai,30000,29625,1,1,1,0,0,0,0,0,0,0,0,0,0,0,4647
537,car,honda,jazz,diesel,2016,mumbai,30000,31833,1,1,1,0,0,0,0,0,0,0,0,0,0,0,4732
538,car,honda,jazz,diesel,2016,mumbai,30000,30172,1,1,1,0,0,0,0,0,0,0,0,0,0,0,4523
539,car,honda,jazz,diesel,2016,mumbai,30000,30132,1,1,1,0,0,0,0,0,0,0,0,0,0,0,4723
540,car,honda,jazz,diesel,2016,mumbai,30000,30342,1,1,1,0,0,0,0,0,0,0,0,0,0,0,4622
541,car,honda,jazz,diesel,2016,mumbai,30000,30435,1,1,1,0,0,0,0,0,0,0,0,0,0,0,4629
542,car,honda,jazz,diesel,2016,mumbai,30000,30980,1,1,1,0,0,0,0,0,0,0,0,0,0,0,4583
543,car,honda,jazz,diesel,2016,mumbai,30000,30437,1,1,1,0,0,0,0,0,0,0,0,0,0,0,4479
544,car,honda,jazz,diesel,2016,mumbai,30000,30766,1,1,1,0,0,0,0,0,0,0,0,0,0,0,4480
545,car,honda,jazz,diesel,2016,mumbai,30000,30647,1,1,1,0,0,0,0,0,0,0,0,0,0,0,4830
546,car,honda,jazz,diesel,2016,mumbai,30000,30142,1,1,1,0,0,0,0,0,0,0,0,0,0,0,4428
547,car,honda,jazz,diesel,2016,mumbai,30000,30544,1,1,1,0,0,0,0,0,0,0,0,0,0,0,5099
548,car,honda,jazz,diesel,2016,mumbai,30000,31243,1,1,1,0,0,0,0,0,0,0,0,0,0,0,5100
549,car,honda,jazz,diesel,2016,mumbai,30000,32292,1,1,1,0,0,0,0,0,0,0,0,0,0,0,5149
550,car,honda,jazz,diesel,2016,mumbai,30000,30438,1,1,1,0,0,0,0,0,0,0,0,0,0,0,5200
551,car,honda,jazz,diesel,2016,mumbai,30000,30897,1,1,1,0,0,0,0,0,0,0,0,0,0,0,5199
552,car,honda,jazz,diesel,2016,mumbai,30000,30573,1,1,1,0,0,0,0,0,0,0,0,0,0,0,5299
553,car,honda,jazz,diesel,2016,mumbai,30000,29473,1,1,1,0,0,0,0,0,0,0,0,0,0,0,5289
554,car,honda,jazz,diesel,2016,mumbai,30000,30437,1,1,1,0,0,0,0,0,0,0,0,0,0,0,5249
555,car,honda,jazz,diesel,2016,mumbai,30000,30987,1,1,1,0,0,0,0,0,0,0,0,0,0,0,5399
556,car,honda,jazz,diesel,2016,mumbai,30000,30909,1,1,1,0,0,0,0,0,0,0,0,0,0,0,5310
557,car,honda,jazz,diesel,2016,mumbai,30000,30829,1,1,1,0,0,0,0,0,0,0,0,0,0,0,5329
558,car,honda,jazz,diesel,2016,mumbai,30000,30121,1,1,1,0,0,0,0,0,0,0,0,0,0,0,5392
559,car,honda,jazz,diesel,2016,mumbai,30000,30980,1,1,1,0,0,0,0,0,0,0,0,0,0,0,5374
560,car,honda,jazz,diesel,2016,mumbai,30000,30012,1,1,1,0,0,0,0,0,0,0,0,0,0,0,5399
561,car,honda,jazz,diesel,2016,mumbai,30000,30282,1,1,1,0,0,0,0,0,0,0,0,0,0,0,5248
562,car,honda,jazz,diesel,2016,mumbai,30000,30382,1,1,1,0,0,0,0,0,0,0,0,0,0,0,5149
563,car,honda,jazz,diesel,2016,mumbai,30000,30238,1,1,1,0,0,0,0,0,0,0,0,0,0,0,5374
564,car,honda,jazz,diesel,2016,mumbai,40000,40976,1,1,1,1,0,1,1,0,0,0,0,1,0,0,6534
565,car,honda,jazz,diesel,2016,mumbai,40000,40733,1,1,1,1,0,1,1,0,0,0,0,1,0,0,6699
566,car,honda,jazz,diesel,2016,mumbai,40000,41382,1,1,1,1,1,1,1,0,0,0,0,1,0,0,6589
567,car,honda,jazz,diesel,2016,mumbai,40000,40289,1,1,1,1,1,1,1,0,0,0,0,1,0,0,6489
568,car,honda,jazz,diesel,2016,mumbai,40000,39236,1,1,1,1,1,1,1,0,0,0,0,1,0,0,6599
569,car,honda,jazz,diesel,2016,mumbai,40000,40722,1,1,1,1,1,1,1,0,0,0,0,1,0,0,6622
570,car,honda,jazz,diesel,2016,mumbai,40000,40283,1,1,1,1,1,1,1,0,0,0,0,1,0,0,6499
571,car,honda,jazz,diesel,2016,mumbai,40000,40287,1,1,1,1,1,1,1,0,0,0,0,1,0,0,6521
572,car,honda,jazz,diesel,2016,mumbai,40000,39723,1,1,1,1,1,1,1,0,0,0,0,1,0,0,6599
573,car,honda,jazz,diesel,2016,mumbai,40000,41372,1,1,1,1,1,1,1,0,0,0,0,1,0,0,6322
574,car,honda,jazz,diesel,2016,mumbai,40000,40282,1,1,1,1,1,1,1,0,0,0,0,1,0,0,6423
575,car,honda,jazz,diesel,2016,mumbai,40000,40483,1,1,1,1,1,1,1,0,0,0,0,1,0,0,6522
576,car,honda,jazz,diesel,2016,mumbai,40000,40984,1,1,1,1,1,1,1,0,0,0,0,1,0,0,6500
577,car,honda,jazz,diesel,2016,mumbai,40000,40932,1,1,1,1,1,1,1,0,0,0,0,1,0,0,6859
578,car,honda,jazz,diesel,2016,mumbai,40000,40282,1,1,1,1,1,1,1,0,0,0,0,1,0,0,6849
579,car,honda,jazz,diesel,2016,mumbai,40000,40221,1,1,1,1,1,1,1,0,0,0,0,1,0,0,6900
580,car,honda,jazz,diesel,2016,mumbai,40000,40899,1,1,1,1,1,1,1,0,0,0,0,1,0,0,6888
581,car,honda,jazz,diesel,2016,mumbai,40000,40382,1,1,1,1,1,1,1,0,0,0,0,1,0,0,7110
582,car,honda,jazz,diesel,2016,mumbai,40000,39023,1,1,1,1,1,1,1,0,0,0,0,1,0,0,7100
583,car,honda,jazz,diesel,2016,mumbai,40000,41383,1,1,1,1,1,1,1,0,0,0,0,1,0,0,6999
584,car,honda,jazz,diesel,2016,mumbai,50000,50978,1,1,1,0,1,0,0,0,0,0,0,0,0,0,5348
585,car,honda,jazz,diesel,2016,mumbai,50000,50722,1,1,1,0,0,0,0,0,0,0,0,0,0,0,5449
586,car,honda,jazz,diesel,2016,mumbai,50000,50236,1,1,1,0,0,0,0,0,0,0,0,0,0,0,5399
587,car,honda,jazz,diesel,2016,mumbai,50000,50673,1,1,1,0,0,0,0,0,0,0,0,0,0,0,5389
588,car,honda,jazz,diesel,2016,mumbai,50000,50892,1,1,1,0,0,0,0,0,0,0,0,0,0,0,5310
589,car,honda,jazz,diesel,2016,mumbai,50000,51427,1,1,1,0,0,0,0,0,0,0,0,0,0,0,5379
590,car,honda,jazz,diesel,2016,mumbai,50000,50237,1,1,1,0,0,0,0,0,0,0,0,0,0,0,5369
591,car,honda,jazz,diesel,2016,mumbai,50000,49622,1,1,1,0,0,0,0,0,0,0,0,0,0,0,5399
592,car,honda,jazz,diesel,2016,mumbai,50000,49263,1,1,1,0,0,0,0,0,0,0,0,0,0,0,5469
593,car,honda,jazz,diesel,2016,mumbai,50000,50268,1,1,1,0,0,0,0,0,0,0,0,0,0,0,5400
594,car,honda,jazz,diesel,2016,mumbai,50000,51452,1,1,1,0,0,0,0,0,0,0,0,0,0,0,5349
595,car,honda,jazz,diesel,2016,mumbai,50000,50348,1,1,1,0,0,0,0,0,0,0,0,0,0,0,5700
596,car,honda,jazz,diesel,2016,mumbai,50000,50888,1,1,1,0,0,0,0,0,0,0,0,0,0,0,5689
597,car,honda,jazz,diesel,2016,mumbai,50000,50232,1,1,1,0,0,0,0,0,0,0,0,0,0,0,5694
598,car,honda,jazz,diesel,2016,mumbai,50000,50900,1,1,1,0,0,0,0,0,0,0,0,0,0,0,5310
599,car,honda,jazz,diesel,2016,mumbai,50000,50322,1,1,1,0,0,0,0,0,0,0,0,0,0,0,5379
600,car,honda,jazz,diesel,2016,mumbai,50000,50348,1,1,1,0,0,0,0,0,0,0,0,0,0,0,5369
601,car,honda,jazz,diesel,2016,mumbai,50000,50922,1,1,1,0,0,0,0,0,0,0,0,0,0,0,5399
602,car,honda,jazz,diesel,2016,mumbai,50000,50379,1,1,1,0,0,0,0,0,0,0,0,0,0,0,5377
603,car,honda,jazz,diesel,2016,mumbai,50000,50242,1,1,1,0,0,0,0,0,0,0,0,0,0,0,5365
604,car,honda,jazz,diesel,2016,mumbai,60000,60987,1,1,1,1,0,1,1,0,1,0,1,0,1,0,9020
605,car,honda,jazz,diesel,2016,mumbai,60000,60383,1,1,1,1,0,1,1,0,1,0,1,1,1,0,9999
606,car,honda,jazz,diesel,2016,mumbai,60000,60332,1,1,1,1,0,1,1,0,1,0,1,0,1,0,9000
607,car,honda,jazz,diesel,2016,mumbai,60000,60427,1,1,1,1,0,1,1,0,1,0,1,1,1,0,9428
608,car,honda,jazz,diesel,2016,mumbai,60000,60349,1,1,1,1,0,1,1,0,1,0,1,0,1,0,9247
609,car,honda,jazz,diesel,2016,mumbai,60000,60374,1,1,1,1,1,1,1,0,1,0,1,0,1,0,9373
610,car,honda,jazz,diesel,2016,mumbai,60000,59993,1,1,1,1,1,1,1,0,1,0,1,0,1,0,9473
611,car,honda,jazz,diesel,2016,mumbai,60000,61379,1,1,1,1,1,1,1,0,1,0,1,0,1,0,9211
612,car,honda,jazz,diesel,2016,mumbai,60000,60342,1,1,1,1,1,1,1,0,1,0,1,0,1,0,9088
613,car,honda,jazz,diesel,2016,mumbai,60000,60930,1,1,1,1,1,1,1,0,1,0,1,0,1,0,9099
614,car,honda,jazz,diesel,2016,mumbai,60000,60432,1,1,1,1,1,1,1,0,1,0,1,0,1,0,9438
615,car,honda,jazz,diesel,2016,mumbai,60000,60465,1,1,1,1,1,1,1,0,1,0,1,0,1,0,9237
616,car,honda,jazz,diesel,2016,mumbai,60000,60765,1,1,1,1,1,1,1,0,1,0,1,0,1,0,9236
617,car,honda,jazz,diesel,2016,mumbai,60000,59433,1,1,1,1,1,1,1,0,1,0,1,1,1,0,9797
618,car,honda,jazz,diesel,2016,mumbai,60000,60875,1,1,1,1,1,1,1,0,1,0,1,1,1,0,9933
619,car,honda,jazz,diesel,2016,mumbai,60000,60080,1,1,1,1,1,1,1,0,1,0,1,1,1,0,9893
620,car,honda,jazz,diesel,2016,mumbai,60000,60909,1,1,1,1,1,1,1,0,1,0,1,1,1,0,9693
621,car,honda,jazz,diesel,2016,mumbai,60000,60223,1,1,1,1,1,1,1,0,1,0,1,1,1,0,9743
622,car,honda,jazz,diesel,2016,mumbai,60000,59343,1,1,1,1,1,1,1,0,1,0,1,0,1,0,9232
623,car,honda,jazz,diesel,2016,mumbai,60000,60433,1,1,1,1,1,1,1,0,1,0,1,0,1,0,9138
624,car,honda,jazz,diesel,2016,mumbai,70000,70435,1,1,1,0,1,0,0,0,1,0,1,0,0,0,4700
625,car,honda,jazz,diesel,2016,mumbai,70000,70976,1,1,1,0,1,0,0,0,1,0,0,0,0,0,4689
626,car,honda,jazz,diesel,2016,mumbai,70000,71253,1,1,1,0,1,0,0,0,1,0,0,0,0,0,4694
627,car,honda,jazz,diesel,2016,mumbai,70000,70311,1,1,1,0,1,0,0,0,1,0,0,0,0,0,4843
628,car,honda,jazz,diesel,2016,mumbai,70000,70789,1,1,1,0,1,0,0,0,1,0,0,0,0,0,4654
629,car,honda,jazz,diesel,2016,mumbai,70000,70098,1,1,1,0,0,0,0,0,1,0,0,0,0,0,4743
630,car,honda,jazz,diesel,2016,mumbai,70000,69432,1,1,1,0,0,0,0,0,1,0,0,0,0,0,4545
631,car,honda,jazz,diesel,2016,mumbai,70000,70894,1,1,1,0,0,0,0,0,0,0,0,0,0,0,4846
632,car,honda,jazz,diesel,2016,mumbai,70000,70753,1,1,1,0,0,0,0,0,0,0,0,0,0,0,4535
633,car,honda,jazz,diesel,2016,mumbai,70000,70756,1,1,1,0,0,0,0,0,0,0,0,0,0,0,4989
634,car,honda,jazz,diesel,2016,mumbai,70000,70432,1,1,1,0,0,0,0,0,0,0,0,0,0,0,5033
635,car,honda,jazz,diesel,2016,mumbai,70000,69422,1,1,1,0,0,0,0,0,0,0,0,0,0,0,4183
636,car,honda,jazz,diesel,2016,mumbai,70000,70438,1,1,1,0,0,0,0,0,0,0,0,0,0,0,5000
637,car,honda,jazz,diesel,2016,mumbai,70000,70233,1,1,1,0,0,0,0,0,0,0,0,0,0,0,4889
638,car,honda,jazz,diesel,2016,mumbai,70000,70499,1,1,1,0,0,0,0,0,0,0,0,0,0,0,4999
639,car,honda,jazz,diesel,2016,mumbai,70000,70824,1,1,1,0,0,0,0,0,0,0,0,0,0,0,4100
640,car,honda,jazz,diesel,2016,mumbai,70000,73283,1,1,1,0,1,0,0,0,0,0,0,0,0,0,4120
641,car,honda,jazz,diesel,2016,mumbai,70000,71938,1,1,1,0,1,0,0,0,0,0,0,0,0,0,4199
642,car,honda,jazz,diesel,2016,mumbai,70000,70438,1,1,1,0,1,0,0,0,0,0,0,0,0,0,4180
643,car,honda,jazz,diesel,2016,mumbai,80000,82078,1,1,1,1,1,1,1,0,0,0,0,0,0,0,4200
644,car,honda,jazz,diesel,2016,mumbai,80000,84473,1,1,1,1,0,1,1,0,0,0,0,0,0,0,5200
645,car,honda,jazz,diesel,2016,mumbai,80000,85743,1,1,1,1,0,1,1,0,0,0,0,0,0,0,5199
646,car,honda,jazz,diesel,2016,mumbai,80000,85739,1,1,1,1,0,1,1,0,0,0,0,0,0,0,5299
647,car,honda,jazz,diesel,2016,mumbai,80000,86839,1,1,1,1,0,1,1,0,0,0,0,0,0,0,5289
648,car,honda,jazz,diesel,2016,mumbai,80000,87347,1,1,1,1,0,1,1,0,0,0,0,0,0,0,5249
649,car,honda,jazz,diesel,2016,mumbai,80000,88347,1,1,1,1,0,1,1,0,0,0,0,0,0,0,5399
650,car,honda,jazz,diesel,2016,mumbai,80000,90382,1,1,1,0,0,0,0,0,0,0,0,0,0,0,5310
651,car,honda,jazz,diesel,2016,mumbai,100000,99442,1,1,1,0,0,0,0,0,0,0,0,0,0,0,5329
652,car,honda,jazz,diesel,2016,mumbai,100000,94632,1,1,1,0,0,0,0,0,0,0,0,0,0,0,5392
653,car,honda,jazz,diesel,2016,mumbai,100000,93648,1,1,1,0,0,0,0,0,0,0,0,0,0,0,5437
654,car,honda,jazz,diesel,2016,mumbai,100000,103382,1,1,1,0,1,0,0,0,0,0,0,0,0,0,5382
655,car,honda,jazz,diesel,2016,mumbai,100000,118310,1,1,1,0,1,0,0,0,0,0,0,0,0,1,6283
656,car,honda,jazz,diesel,2016,mumbai,100000,128320,1,1,1,0,1,0,0,0,0,0,0,0,0,1,6239
657,car,honda,jazz,diesel,2016,mumbai,100000,103832,1,1,1,0,1,0,0,0,0,0,0,0,0,1,6249
658,car,honda,jazz,diesel,2016,mumbai,100000,118292,1,1,1,0,1,0,0,0,0,0,0,0,0,1,6240
659,car,honda,jazz,diesel,2016,mumbai,100000,121921,1,1,1,0,1,0,0,0,0,0,0,0,0,1,6334
660,car,honda,jazz,diesel,2016,mumbai,100000,112833,1,1,1,0,1,0,0,0,0,0,0,0,0,1,6132
661,car,honda,jazz,diesel,2016,mumbai,100000,103337,1,1,1,0,1,0,0,0,0,0,0,0,0,1,6184
662,car,honda,jazz,diesel,2016,mumbai,100000,133892,1,1,1,0,0,0,0,0,0,0,0,0,0,1,6347
663,car,honda,jazz,diesel,2016,mumbai,100000,103737,1,1,1,0,1,0,0,0,0,0,0,0,0,1,6237
664,car,honda,city,petrol,2017,chennai,10000,10022,1,1,1,0,1,0,0,0,0,0,0,0,0,0,1319
665,car,honda,city,petrol,2017,chennai,10000,10897,1,1,1,0,1,0,0,0,0,0,0,0,0,0,1798
666,car,honda,city,petrol,2017,chennai,10000,10732,1,1,1,0,0,0,0,0,0,0,0,0,0,0,1673
667,car,honda,city,petrol,2017,chennai,10000,10988,1,1,1,0,0,0,0,0,0,0,0,0,0,0,1239
668,car,honda,city,petrol,2017,chennai,10000,10321,1,1,1,0,0,0,0,0,0,0,0,0,0,0,1352
669,car,honda,city,petrol,2017,chennai,10000,10978,1,1,1,0,0,0,0,0,0,0,0,0,0,0,1436
670,car,honda,city,petrol,2017,chennai,10000,9032,1,1,1,0,1,0,0,0,0,0,0,0,0,0,1234
671,car,honda,city,petrol,2017,chennai,10000,10344,1,1,1,0,0,0,0,0,0,0,0,0,0,0,1462
672,car,honda,city,petrol,2017,chennai,10000,10654,1,1,1,0,0,0,0,0,0,0,0,0,0,0,1326
673,car,honda,city,petrol,2017,chennai,10000,11763,1,1,1,0,0,0,0,0,0,0,0,0,0,0,1235
674,car,honda,city,petrol,2017,chennai,10000,10893,1,1,1,0,0,0,0,0,0,0,0,0,0,0,1426
675,car,honda,city,petrol,2017,chennai,10000,10322,1,1,1,0,0,0,0,0,0,0,0,0,0,0,1734
676,car,honda,city,petrol,2017,chennai,10000,11345,1,1,1,0,0,0,0,0,0,0,0,0,0,0,1423
677,car,honda,city,petrol,2017,chennai,10000,9831,1,1,1,0,0,0,0,0,0,0,0,0,0,0,1324
678,car,honda,city,petrol,2017,chennai,10000,10238,1,1,1,0,1,0,0,0,0,0,0,0,0,0,1523
679,car,honda,city,petrol,2017,chennai,10000,10980,1,1,1,0,0,0,0,0,0,0,0,0,0,0,1452
680,car,honda,city,petrol,2017,chennai,10000,10326,1,1,1,0,0,0,0,0,0,0,0,0,0,0,1220
681,car,honda,city,petrol,2017,chennai,10000,10322,1,1,1,0,1,0,0,0,0,0,0,0,0,0,1299
682,car,honda,city,petrol,2017,chennai,10000,11753,1,1,1,0,1,0,0,0,0,0,0,0,0,0,1099
683,car,honda,city,petrol,2017,chennai,10000,10926,1,1,1,0,1,0,0,0,0,0,0,0,0,0,1209
684,car,honda,city,petrol,2017,chennai,20000,20785,1,1,1,1,0,0,0,0,0,0,0,0,0,0,2099
685,car,honda,city,petrol,2017,chennai,20000,20634,1,1,1,1,0,0,0,0,0,0,0,0,0,0,2100
686,car,honda,city,petrol,2017,chennai,20000,20924,1,1,1,1,0,0,0,0,0,0,0,0,0,0,2199
687,car,honda,city,petrol,2017,chennai,20000,20213,1,1,1,1,0,0,0,0,0,0,0,0,0,0,2089
688,car,honda,city,petrol,2017,chennai,20000,20132,1,1,1,1,0,0,0,0,0,0,0,0,0,0,2173
689,car,honda,city,petrol,2017,chennai,20000,20656,1,1,1,1,0,0,0,0,0,0,0,0,0,0,2132
690,car,honda,city,petrol,2017,chennai,20000,21865,1,1,1,1,0,0,0,0,0,0,0,0,0,0,2145
691,car,honda,city,petrol,2017,chennai,20000,20568,1,1,1,1,0,0,0,0,0,0,0,0,0,0,2197
692,car,honda,city,petrol,2017,chennai,20000,20432,1,1,1,1,0,0,0,0,0,0,0,0,0,0,2165
693,car,honda,city,petrol,2017,chennai,20000,19732,1,1,1,1,0,0,0,0,0,0,0,0,0,0,2262
694,car,honda,city,petrol,2017,chennai,20000,20632,1,1,1,1,0,0,0,0,0,0,0,0,0,0,2322
695,car,honda,city,petrol,2017,chennai,20000,20683,1,1,1,1,1,0,0,0,0,0,0,0,0,0,2399
696,car,honda,city,petrol,2017,chennai,20000,21623,1,1,1,1,1,0,0,0,0,0,0,0,0,0,2299
697,car,honda,city,petrol,2017,chennai,20000,20897,1,1,1,1,1,0,0,0,0,0,0,0,0,0,2367
698,car,honda,city,petrol,2017,chennai,20000,20077,1,1,1,1,1,0,0,0,0,0,0,0,0,0,2400
699,car,honda,city,petrol,2017,chennai,20000,19423,1,1,1,1,0,0,0,0,0,0,0,0,0,0,2311
700,car,honda,city,petrol,2017,chennai,20000,20863,1,1,1,1,0,0,0,0,0,0,0,0,0,0,2348
701,car,honda,city,petrol,2017,chennai,20000,20897,1,1,1,1,1,0,0,0,0,0,0,0,0,0,2389
702,car,honda,city,petrol,2017,chennai,20000,20432,1,1,1,1,0,0,0,0,0,0,0,0,0,0,2500
703,car,honda,city,petrol,2017,chennai,20000,20653,1,1,1,1,0,0,0,0,0,0,0,0,0,0,2134
704,car,honda,city,petrol,2017,chennai,30000,30765,1,1,1,0,0,1,0,0,0,0,0,0,0,0,3586
705,car,honda,city,petrol,2017,chennai,30000,30462,1,1,1,0,0,1,0,0,0,0,0,0,0,0,3600
706,car,honda,city,petrol,2017,chennai,30000,30004,1,1,1,0,0,1,0,0,0,0,0,0,0,0,3599
707,car,honda,city,petrol,2017,chennai,30000,30326,1,1,1,0,0,1,0,0,0,0,0,0,0,0,3534
708,car,honda,city,petrol,2017,chennai,30000,30897,1,1,1,0,0,1,0,0,0,0,0,0,0,0,3794
709,car,honda,city,petrol,2017,chennai,30000,30675,1,1,1,0,0,1,0,0,0,0,0,0,0,0,3499
710,car,honda,city,petrol,2017,chennai,30000,30612,1,1,1,0,0,1,0,0,0,0,0,0,0,0,3379
711,car,honda,city,petrol,2017,chennai,30000,31763,1,1,1,0,0,1,0,0,0,0,0,0,0,0,3278
712,car,honda,city,petrol,2017,chennai,30000,30980,1,1,1,0,0,1,0,0,0,0,0,0,0,0,3190
713,car,honda,city,petrol,2017,chennai,30000,30998,1,1,1,0,0,1,0,0,0,0,0,0,0,0,3099
714,car,honda,city,petrol,2017,chennai,30000,29234,1,1,1,0,0,1,0,0,0,0,0,0,0,0,3199
715,car,honda,city,petrol,2017,chennai,30000,30909,1,1,1,0,0,1,0,0,0,0,0,0,0,0,3000
716,car,honda,city,petrol,2017,chennai,30000,30522,1,1,1,0,0,1,0,0,0,0,0,0,0,0,3201
717,car,honda,city,petrol,2017,chennai,30000,30863,1,1,1,0,0,1,0,0,0,0,0,0,0,0,2999
718,car,honda,city,petrol,2017,chennai,30000,29837,1,1,1,0,0,1,0,0,0,0,0,0,0,0,3010
719,car,honda,city,petrol,2017,chennai,30000,31327,1,1,1,0,0,1,0,0,0,0,0,0,0,0,3100
720,car,honda,city,petrol,2017,chennai,30000,30743,1,1,1,0,0,1,0,0,0,0,0,0,0,0,3297
721,car,honda,city,petrol,2017,chennai,30000,30378,1,1,1,0,0,1,0,0,0,0,0,0,0,0,3278
722,car,honda,city,petrol,2017,chennai,30000,29624,1,1,1,0,0,1,0,0,0,0,0,0,0,0,3327
723,car,honda,city,petrol,2017,chennai,40000,40686,1,1,1,0,0,0,0,0,0,0,0,0,0,0,3400
724,car,honda,city,petrol,2017,chennai,40000,40326,1,1,1,1,0,0,0,0,0,0,0,0,0,0,3929
725,car,honda,city,petrol,2017,chennai,40000,40908,1,1,1,1,0,0,0,0,0,0,0,0,0,0,3999
726,car,honda,city,petrol,2017,chennai,40000,40311,1,1,1,1,0,0,0,0,0,0,0,0,0,0,3989
727,car,honda,city,petrol,2017,chennai,40000,39236,1,1,1,1,0,0,0,0,0,0,0,0,0,0,3949
728,car,honda,city,petrol,2017,chennai,40000,40722,1,1,1,1,0,0,0,0,0,0,0,0,0,0,3990
729,car,honda,city,petrol,2017,chennai,40000,40283,1,1,1,1,0,0,0,0,0,0,0,0,0,0,4000
730,car,honda,city,petrol,2017,chennai,40000,40287,1,1,1,1,0,0,0,0,0,0,0,0,0,0,4100
731,car,honda,city,petrol,2017,chennai,40000,39723,1,1,1,1,0,0,0,0,0,0,0,0,0,0,4010
732,car,honda,city,petrol,2017,chennai,40000,41372,1,1,1,1,0,0,0,0,0,0,0,0,0,0,4082
733,car,honda,city,petrol,2017,chennai,40000,40282,1,1,1,1,0,0,0,0,0,0,0,0,0,0,4023
734,car,honda,city,petrol,2017,chennai,40000,40483,1,1,1,1,0,0,0,0,0,0,0,0,0,0,4099
735,car,honda,city,petrol,2017,chennai,40000,40675,1,1,1,1,0,0,0,0,0,0,0,0,0,0,4200
736,car,honda,city,petrol,2017,chennai,40000,40678,1,1,1,1,0,0,0,0,0,0,0,0,0,0,4299
737,car,honda,city,petrol,2017,chennai,40000,40089,1,1,1,1,0,0,0,0,0,0,0,0,0,0,4199
738,car,honda,city,petrol,2017,chennai,40000,40231,1,1,1,1,0,0,0,0,0,0,0,0,0,0,4099
739,car,honda,city,petrol,2017,chennai,40000,40453,1,1,1,1,0,0,0,0,0,0,0,0,0,0,4389
740,car,honda,city,petrol,2017,chennai,40000,41343,1,1,1,1,0,0,0,0,0,0,0,0,0,0,4300
741,car,honda,city,petrol,2017,chennai,40000,42657,1,1,1,1,0,0,0,0,0,0,0,0,0,0,4400
742,car,honda,city,petrol,2017,chennai,40000,40453,1,1,1,1,0,0,0,0,0,0,0,0,0,0,4399
743,car,honda,city,petrol,2017,chennai,40000,39767,1,1,1,1,0,0,0,0,0,0,0,0,0,0,4599
744,car,honda,city,petrol,2017,chennai,50000,50231,1,1,1,0,0,0,0,0,0,0,0,0,0,0,3619
745,car,honda,city,petrol,2017,chennai,50000,51023,1,1,1,0,0,0,0,0,0,0,0,0,0,0,3699
746,car,honda,city,petrol,2017,chennai,50000,53909,1,1,1,0,0,0,0,0,0,0,0,0,0,0,3679
747,car,honda,city,petrol,2017,chennai,50000,54098,1,1,1,0,0,0,0,0,0,0,0,0,0,0,3789
748,car,honda,city,petrol,2017,chennai,50000,50438,1,1,1,0,0,0,0,0,0,0,0,1,0,0,3799
749,car,honda,city,petrol,2017,chennai,50000,51832,1,1,1,0,0,0,0,0,0,0,0,1,0,0,3678
750,car,honda,city,petrol,2017,chennai,50000,49732,1,1,1,0,0,0,0,0,0,0,0,1,0,0,3698
751,car,honda,city,petrol,2017,chennai,50000,49028,1,1,1,0,0,0,0,0,0,0,0,1,0,0,3700
752,car,honda,city,petrol,2017,chennai,50000,50373,1,1,1,0,0,0,0,0,0,0,0,1,0,0,3749
753,car,honda,city,petrol,2017,chennai,50000,50342,1,1,1,0,0,0,0,0,0,0,0,1,0,0,3754
754,car,honda,city,petrol,2017,chennai,50000,50384,1,1,1,0,0,0,0,0,0,0,0,1,0,0,3684
755,car,honda,city,petrol,2017,chennai,50000,50878,1,1,1,0,0,0,0,0,0,0,0,1,0,0,3804
756,car,honda,city,petrol,2017,chennai,50000,50754,1,1,1,0,0,0,0,0,0,0,0,1,0,0,3799
757,car,honda,city,petrol,2017,chennai,50000,51437,1,1,1,0,0,0,0,0,0,0,0,1,0,0,3789
758,car,honda,city,petrol,2017,chennai,50000,50347,1,1,1,0,0,0,0,0,0,0,0,1,0,0,3809
759,car,honda,city,petrol,2017,chennai,50000,50321,1,1,1,0,0,0,0,0,0,0,0,1,0,0,3734
760,car,honda,city,petrol,2017,chennai,50000,50972,1,1,1,0,1,0,0,0,0,0,0,1,0,0,3788
761,car,honda,city,petrol,2017,chennai,50000,50034,1,1,1,0,1,0,0,0,0,0,0,1,0,0,3999
762,car,honda,city,petrol,2017,chennai,50000,50279,1,1,1,0,0,0,0,0,0,0,0,1,0,0,3899
763,car,honda,city,petrol,2017,chennai,50000,50283,1,1,1,0,1,0,0,0,0,0,0,1,0,0,3989
764,car,honda,city,petrol,2017,chennai,60000,60324,1,1,1,1,0,1,0,0,1,0,1,0,1,0,5500
765,car,honda,city,petrol,2017,chennai,60000,60349,1,1,1,1,0,1,0,0,1,0,1,0,1,0,5902
766,car,honda,city,petrol,2017,chennai,60000,60374,1,1,1,1,0,1,0,0,1,0,1,0,1,0,5843
767,car,honda,city,petrol,2017,chennai,60000,59993,1,1,1,1,0,1,0,0,1,0,1,0,1,0,5928
768,car,honda,city,petrol,2017,chennai,60000,61379,1,1,1,1,0,1,0,0,1,0,1,0,1,0,6000
769,car,honda,city,petrol,2017,chennai,60000,60342,1,1,1,1,0,1,0,0,1,0,1,0,1,0,5999
770,car,honda,city,petrol,2017,chennai,60000,60930,1,1,1,1,0,1,0,0,1,0,1,0,1,0,5923
771,car,honda,city,petrol,2017,chennai,60000,60432,1,1,1,1,0,1,0,0,1,0,1,0,1,0,5928
772,car,honda,city,petrol,2017,chennai,60000,60465,1,1,1,1,0,1,0,0,1,0,1,0,1,0,5998
773,car,honda,city,petrol,2017,chennai,60000,60765,1,1,1,1,0,1,0,0,1,0,1,0,1,0,5988
774,car,honda,city,petrol,2017,chennai,60000,59433,1,1,1,1,0,1,0,0,1,0,1,0,1,0,5899
775,car,honda,city,petrol,2017,chennai,60000,60875,1,1,1,1,0,1,0,0,1,0,1,0,1,0,6100
776,car,honda,city,petrol,2017,chennai,60000,60080,1,1,1,1,0,1,0,0,1,0,1,0,1,0,6089
777,car,honda,city,petrol,2017,chennai,60000,60909,1,1,1,1,0,1,0,0,1,0,1,0,1,0,6099
778,car,honda,city,petrol,2017,chennai,60000,60223,1,1,1,1,0,1,0,0,1,0,1,0,1,0,6012
779,car,honda,city,petrol,2017,chennai,60000,59343,1,1,1,1,0,1,0,0,1,0,1,0,1,0,6010
780,car,honda,city,petrol,2017,chennai,60000,60382,1,1,1,1,0,1,0,0,1,0,1,0,1,0,6200
781,car,honda,city,petrol,2017,chennai,60000,60237,1,1,1,1,0,1,0,0,1,0,1,0,1,0,6000
782,car,honda,city,petrol,2017,chennai,60000,60734,1,1,1,1,0,1,0,0,1,0,1,0,1,0,6893
783,car,honda,city,petrol,2017,chennai,60000,60798,1,1,1,1,0,1,0,0,1,0,1,0,1,0,6990
784,car,honda,city,petrol,2017,chennai,70000,70432,1,1,1,0,0,0,0,0,0,0,0,0,0,0,4700
785,car,honda,city,petrol,2017,chennai,70000,71372,1,1,1,0,0,0,0,0,0,0,0,0,0,0,4647
786,car,honda,city,petrol,2017,chennai,70000,70321,1,1,1,0,1,0,0,0,0,0,0,0,0,0,4732
787,car,honda,city,petrol,2017,chennai,70000,70232,1,1,1,0,1,0,0,0,0,0,0,0,0,0,4523
788,car,honda,city,petrol,2017,chennai,70000,69322,1,1,1,0,1,0,0,0,0,0,0,0,0,0,4723
789,car,honda,city,petrol,2017,chennai,70000,70237,1,1,1,0,1,0,0,0,0,0,0,0,0,0,4622
790,car,honda,city,petrol,2017,chennai,70000,70327,1,1,1,0,1,0,0,0,0,0,0,0,0,0,4629
791,car,honda,city,petrol,2017,chennai,70000,71326,1,1,1,0,1,0,0,0,0,0,0,0,0,0,4583
792,car,honda,city,petrol,2017,chennai,70000,70237,1,1,1,0,1,0,0,0,0,0,0,0,0,0,4588
793,car,honda,city,petrol,2017,chennai,70000,70895,1,1,1,0,1,0,0,0,0,0,0,0,0,0,4799
794,car,honda,city,petrol,2017,chennai,70000,69923,1,1,1,0,1,0,0,0,0,0,0,0,0,0,4789
795,car,honda,city,petrol,2017,chennai,70000,70349,1,1,1,0,0,0,0,0,0,0,0,0,0,0,4800
796,car,honda,city,petrol,2017,chennai,70000,70398,1,1,1,0,0,0,0,0,0,0,0,0,0,0,4796
797,car,honda,city,petrol,2017,chennai,70000,70321,1,1,1,0,0,0,0,0,0,0,0,0,0,0,4799
798,car,honda,city,petrol,2017,chennai,70000,70232,1,1,1,0,0,0,0,0,0,0,0,0,0,0,4700
799,car,honda,city,petrol,2017,chennai,70000,70098,1,1,1,0,0,0,0,0,0,0,0,0,0,0,4689
800,car,honda,city,petrol,2017,chennai,70000,70322,1,1,1,0,0,0,0,0,0,0,0,0,0,0,4329
801,car,honda,city,petrol,2017,chennai,70000,70567,1,1,1,0,0,0,0,0,0,0,0,0,0,0,4777
802,car,honda,city,petrol,2017,chennai,70000,70957,1,1,1,0,0,0,0,0,0,0,0,0,0,0,4800
803,car,honda,city,petrol,2017,chennai,80000,83679,1,1,1,0,0,0,1,0,0,0,0,0,0,0,4799
804,car,honda,city,petrol,2017,chennai,80000,80239,1,1,1,0,0,0,1,0,0,0,0,0,0,0,6059
805,car,honda,city,petrol,2017,chennai,80000,85489,1,1,1,0,0,0,1,0,0,0,0,0,0,0,6189
806,car,honda,city,petrol,2017,chennai,80000,88432,1,1,1,0,0,0,1,0,0,0,0,0,0,0,6032
807,car,honda,city,petrol,2017,chennai,80000,81348,1,1,1,0,0,0,1,0,0,0,0,0,0,0,6034
808,car,honda,city,petrol,2017,chennai,80000,80239,1,1,1,0,0,0,1,0,0,0,0,0,0,0,6065
809,car,honda,city,petrol,2017,chennai,80000,89273,1,1,1,0,0,0,1,0,0,0,0,0,0,0,6179
810,car,honda,city,petrol,2017,chennai,80000,82028,1,1,1,0,0,0,1,0,0,0,0,0,0,0,6164
811,car,honda,city,petrol,2017,chennai,80000,84722,1,1,1,1,0,0,1,0,0,0,0,0,0,0,6289
812,car,honda,city,petrol,2017,chennai,80000,88431,1,1,1,1,0,0,1,0,0,0,0,0,0,0,6289
813,car,honda,city,petrol,2017,chennai,80000,86222,1,1,1,0,0,0,1,0,0,0,0,0,0,0,6023
814,car,honda,city,petrol,2017,chennai,100000,90473,1,1,1,0,0,1,0,0,0,0,0,0,0,0,6079
815,car,honda,city,petrol,2017,chennai,100000,99374,1,1,1,0,0,1,0,0,0,0,0,0,0,0,6198
816,car,honda,city,petrol,2017,chennai,100000,95832,1,1,1,1,0,1,0,0,0,0,0,0,0,0,6132
817,car,honda,city,petrol,2017,chennai,100000,92484,1,1,1,0,1,1,0,0,0,0,0,0,0,0,6398
818,car,honda,city,petrol,2017,chennai,100000,94584,1,1,1,0,1,1,0,0,0,0,0,0,0,0,6300
819,car,honda,city,petrol,2017,chennai,100000,103472,1,1,1,0,0,0,0,0,0,0,0,0,0,0,6299
820,car,honda,city,petrol,2017,chennai,100000,113479,1,1,1,1,0,0,0,0,0,0,0,0,0,0,6199
821,car,honda,city,petrol,2017,chennai,100000,101302,1,1,1,1,0,0,0,0,0,0,0,0,0,0,6329
822,car,honda,city,petrol,2017,chennai,100000,109327,1,1,1,1,0,0,0,0,0,0,0,0,0,0,6100
823,car,honda,city,diesel,2016,mumbai,10000,10766,1,1,1,0,1,0,0,0,0,0,0,0,0,0,2500
824,car,honda,city,diesel,2016,mumbai,10000,10689,1,1,1,0,1,0,0,0,0,0,0,0,0,0,2578
825,car,honda,city,diesel,2016,mumbai,10000,10355,1,1,1,0,0,0,0,0,0,0,0,0,0,0,2589
826,car,honda,city,diesel,2016,mumbai,10000,11028,1,1,1,0,0,0,0,0,0,0,0,0,0,0,2489
827,car,honda,city,diesel,2016,mumbai,10000,10843,1,1,1,0,0,0,0,0,0,0,0,0,0,0,2499
828,car,honda,city,diesel,2016,mumbai,10000,10686,1,1,1,0,0,0,0,0,0,0,0,0,0,0,2600
829,car,honda,city,diesel,2016,mumbai,10000,10573,1,1,1,0,1,0,0,0,0,0,0,0,0,0,2689
830,car,honda,city,diesel,2016,mumbai,10000,10992,1,1,1,0,0,0,0,0,0,0,0,0,0,0,2576
831,car,honda,city,diesel,2016,mumbai,10000,10376,1,1,1,0,0,0,0,0,0,0,0,0,0,0,2534
832,car,honda,city,diesel,2016,mumbai,10000,11009,1,1,1,0,0,0,0,0,0,0,0,0,0,0,2534
833,car,honda,city,diesel,2016,mumbai,10000,10048,1,1,1,0,0,0,0,0,0,0,0,0,0,0,2578
834,car,honda,city,diesel,2016,mumbai,10000,10623,1,1,1,0,0,0,0,0,0,0,0,0,0,0,2698
835,car,honda,city,diesel,2016,mumbai,10000,10832,1,1,1,0,0,0,0,0,0,0,0,0,0,0,2532
836,car,honda,city,diesel,2016,mumbai,10000,9068,1,1,1,0,0,0,0,0,0,0,0,0,0,0,2489
837,car,honda,city,diesel,2016,mumbai,10000,10666,1,1,1,0,1,0,0,0,0,0,0,0,0,0,2578
838,car,honda,city,diesel,2016,mumbai,10000,10879,1,1,1,0,0,0,0,0,0,0,0,0,0,0,2631
839,car,honda,city,diesel,2016,mumbai,10000,9978,1,1,1,0,0,0,0,0,0,0,0,0,0,0,2639
840,car,honda,city,diesel,2016,mumbai,10000,11658,1,1,1,0,1,0,0,0,0,0,0,0,0,0,2703
841,car,honda,city,diesel,2016,mumbai,10000,10769,1,1,1,0,1,0,0,0,0,0,0,0,0,0,2539
842,car,honda,city,diesel,2016,mumbai,10000,10761,1,1,1,0,1,0,0,0,0,0,0,0,0,0,2597
843,car,honda,city,diesel,2016,mumbai,10000,11957,1,1,1,0,0,0,0,0,0,0,0,0,0,0,2583
844,car,honda,city,diesel,2016,mumbai,20000,20788,1,1,1,1,0,1,1,0,0,0,0,0,0,0,6800
845,car,honda,city,diesel,2016,mumbai,20000,20472,1,1,1,1,0,1,1,0,0,0,0,0,0,0,6809
846,car,honda,city,diesel,2016,mumbai,20000,19236,1,1,1,1,0,1,1,0,0,0,0,0,0,0,6899
847,car,honda,city,diesel,2016,mumbai,20000,20274,1,1,1,1,0,1,1,0,0,0,0,0,0,0,6799
848,car,honda,city,diesel,2016,mumbai,20000,20768,1,1,1,1,0,1,1,0,0,0,0,0,0,0,6849
849,car,honda,city,diesel,2016,mumbai,20000,21867,1,1,1,1,0,1,1,0,0,0,0,0,0,0,6859
850,car,honda,city,diesel,2016,mumbai,20000,21688,1,1,1,1,0,1,1,0,0,0,0,0,0,0,6819
851,car,honda,city,diesel,2016,mumbai,20000,20766,1,1,1,1,0,1,1,0,0,0,0,0,0,0,6819
852,car,honda,city,diesel,2016,mumbai,20000,20987,1,1,1,1,0,1,1,0,0,0,0,0,0,0,6868
853,car,honda,city,diesel,2016,mumbai,20000,20243,1,1,1,1,0,1,1,0,0,0,0,0,0,0,6893
854,car,honda,city,diesel,2016,mumbai,20000,20657,1,1,1,1,1,1,1,0,0,0,0,0,0,0,6823
855,car,honda,city,diesel,2016,mumbai,20000,19467,1,1,1,1,1,1,1,0,0,0,0,0,0,0,6890
856,car,honda,city,diesel,2016,mumbai,20000,19054,1,1,1,1,1,1,1,0,0,0,0,0,0,0,6831
857,car,honda,city,diesel,2016,mumbai,20000,20453,1,1,1,1,1,1,1,0,0,0,0,0,0,0,6890
858,car,honda,city,diesel,2016,mumbai,20000,20980,1,1,1,1,0,1,1,0,0,0,0,0,0,0,6789
859,car,honda,city,diesel,2016,mumbai,20000,21467,1,1,1,1,0,1,1,0,0,0,0,0,0,0,6798
860,car,honda,city,diesel,2016,mumbai,20000,20564,1,1,1,1,1,1,1,0,0,0,0,0,0,0,6759
861,car,honda,city,diesel,2016,mumbai,20000,20768,1,1,1,1,0,1,1,0,0,0,0,0,0,0,6831
862,car,honda,city,diesel,2016,mumbai,20000,22567,1,1,1,1,0,1,1,0,0,0,0,0,0,0,6846
863,car,honda,city,diesel,2016,mumbai,20000,20576,1,1,1,1,0,1,1,0,0,0,0,0,0,0,6891
864,car,honda,city,diesel,2016,mumbai,30000,30686,1,1,1,0,0,0,0,0,0,0,0,0,0,0,5700
865,car,honda,city,diesel,2016,mumbai,30000,30897,1,1,1,0,0,0,0,0,0,0,0,0,0,0,5710
866,car,honda,city,diesel,2016,mumbai,30000,30675,1,1,1,0,0,0,0,0,0,0,0,0,0,0,5789
867,car,honda,city,diesel,2016,mumbai,30000,30612,1,1,1,0,0,0,0,0,0,0,0,0,0,0,5799
868,car,honda,city,diesel,2016,mumbai,30000,31763,1,1,1,0,0,0,0,0,0,0,0,0,0,0,5699
869,car,honda,city,diesel,2016,mumbai,30000,30980,1,1,1,0,0,0,0,0,0,0,0,0,0,0,5789
870,car,honda,city,diesel,2016,mumbai,30000,30998,1,1,1,0,0,0,0,0,0,0,0,0,0,0,5723
871,car,honda,city,diesel,2016,mumbai,30000,29234,1,1,1,0,0,0,0,0,0,0,0,0,0,0,5789
872,car,honda,city,diesel,2016,mumbai,30000,30909,1,1,1,0,0,0,0,0,0,0,0,0,0,0,5721
873,car,honda,city,diesel,2016,mumbai,30000,30522,1,1,1,0,0,0,0,0,0,0,0,0,0,0,5748
874,car,honda,city,diesel,2016,mumbai,30000,30863,1,1,1,0,0,0,0,0,0,0,0,0,0,0,5738
875,car,honda,city,diesel,2016,mumbai,30000,29837,1,1,1,0,0,0,0,0,0,0,0,0,0,0,5849
876,car,honda,city,diesel,2016,mumbai,30000,30674,1,1,1,0,0,0,0,0,0,0,0,0,0,0,5839
877,car,honda,city,diesel,2016,mumbai,30000,31658,1,1,1,0,0,0,0,0,0,0,0,0,0,0,5829
878,car,honda,city,diesel,2016,mumbai,30000,31225,1,1,1,0,0,0,0,0,0,0,0,0,0,0,5819
879,car,honda,city,diesel,2016,mumbai,30000,30987,1,1,1,0,0,0,0,0,0,0,0,0,0,0,5809
880,car,honda,city,diesel,2016,mumbai,30000,30545,1,1,1,0,0,0,0,0,0,0,0,0,0,0,5800
881,car,honda,city,diesel,2016,mumbai,30000,32507,1,1,1,0,0,0,0,0,0,0,0,0,0,0,5799
882,car,honda,city,diesel,2016,mumbai,30000,30087,1,1,1,0,0,0,0,0,0,0,0,0,0,0,5579
883,car,honda,city,diesel,2016,mumbai,30000,30179,1,1,1,0,0,0,0,0,0,1,0,0,0,0,5800
884,car,honda,city,diesel,2016,mumbai,40000,40878,1,1,1,1,0,1,1,0,0,1,0,0,0,0,6100
885,car,honda,city,diesel,2016,mumbai,40000,40328,1,1,1,1,0,1,1,0,0,1,0,0,0,0,6250
886,car,honda,city,diesel,2016,mumbai,40000,40368,1,1,1,1,0,1,1,0,0,1,0,0,0,0,6000
887,car,honda,city,diesel,2016,mumbai,40000,39175,1,1,1,1,0,1,1,0,0,1,0,0,0,0,6100
888,car,honda,city,diesel,2016,mumbai,40000,40613,1,1,1,1,0,1,1,0,0,1,0,0,0,0,6200
889,car,honda,city,diesel,2016,mumbai,40000,40293,1,1,1,1,0,1,1,0,0,1,0,0,0,0,6150
890,car,honda,city,diesel,2016,mumbai,40000,40733,1,1,1,1,0,1,1,0,0,1,0,0,0,0,6100
891,car,honda,city,diesel,2016,mumbai,40000,41382,1,1,1,1,0,1,1,0,0,1,0,0,0,0,5900
892,car,honda,city,diesel,2016,mumbai,40000,40289,1,1,1,1,0,1,1,0,0,1,0,0,0,0,6000
893,car,honda,city,diesel,2016,mumbai,40000,39236,1,1,1,1,0,1,1,0,0,1,0,0,0,0,6250
894,car,honda,city,diesel,2016,mumbai,40000,40786,1,1,1,1,0,1,1,0,0,1,0,0,0,0,6000
895,car,honda,city,diesel,2016,mumbai,40000,40342,1,1,1,1,0,1,1,0,0,1,0,0,0,0,6200
896,car,honda,city,diesel,2016,mumbai,40000,40345,1,1,1,1,0,1,1,0,0,1,0,0,0,0,6300
897,car,honda,city,diesel,2016,mumbai,40000,40897,1,1,1,1,0,1,1,0,0,1,0,0,0,0,6299
898,car,honda,city,diesel,2016,mumbai,40000,40568,1,1,1,1,0,1,1,0,0,1,0,0,0,0,6289
899,car,honda,city,diesel,2016,mumbai,40000,40076,1,1,1,1,0,1,1,0,0,1,0,0,0,0,6279
900,car,honda,city,diesel,2016,mumbai,40000,40877,1,1,1,1,0,1,1,0,0,1,0,0,1,0,7539
901,car,honda,city,diesel,2016,mumbai,40000,41765,1,1,1,1,0,1,1,0,0,1,0,0,1,0,7542
902,car,honda,city,diesel,2016,mumbai,40000,39067,1,1,1,1,0,1,1,0,0,1,0,0,1,0,7570
903,car,honda,city,diesel,2016,mumbai,40000,40675,1,1,1,1,0,1,1,0,0,1,0,0,1,0,7575
904,car,honda,city,diesel,2016,mumbai,50000,50789,1,1,1,0,0,0,0,0,0,0,0,0,0,0,7500
905,car,honda,city,diesel,2016,mumbai,50000,50438,1,1,1,0,0,0,0,0,0,0,0,0,0,0,7599
906,car,honda,city,diesel,2016,mumbai,50000,51832,1,1,1,0,0,0,0,0,0,0,0,0,0,0,7510
907,car,honda,city,diesel,2016,mumbai,50000,49732,1,1,1,0,0,0,0,0,0,0,0,1,0,0,7590
908,car,honda,city,diesel,2016,mumbai,50000,49028,1,1,1,0,0,0,0,0,0,0,0,1,0,0,7550
909,car,honda,city,diesel,2016,mumbai,50000,50373,1,1,1,0,0,0,0,0,0,0,0,1,0,0,7400
910,car,honda,city,diesel,2016,mumbai,50000,50342,1,1,1,0,0,0,0,0,0,0,0,1,0,0,7700
911,car,honda,city,diesel,2016,mumbai,50000,50384,1,1,1,0,0,0,0,0,0,0,0,1,0,0,7650
912,car,honda,city,diesel,2016,mumbai,50000,50878,1,1,1,0,0,0,0,0,0,0,0,1,0,0,7450
913,car,honda,city,diesel,2016,mumbai,50000,50754,1,1,1,0,0,0,0,0,0,0,0,1,0,0,7699
914,car,honda,city,diesel,2016,mumbai,50000,51437,1,1,1,0,0,0,0,0,0,0,0,1,0,0,7799
915,car,honda,city,diesel,2016,mumbai,50000,50789,1,1,1,0,0,0,0,0,0,0,0,1,0,0,7600
916,car,honda,city,diesel,2016,mumbai,50000,50432,1,1,1,0,0,0,0,0,0,0,0,1,0,0,7599
917,car,honda,city,diesel,2016,mumbai,50000,50659,1,1,1,0,0,0,0,0,0,0,0,1,0,0,7549
918,car,honda,city,diesel,2016,mumbai,50000,53768,1,1,1,0,0,0,0,0,0,0,0,1,0,0,7489
919,car,honda,city,diesel,2016,mumbai,50000,50769,1,1,1,0,1,0,0,0,0,0,0,1,0,0,7510
920,car,honda,city,diesel,2016,mumbai,50000,49013,1,1,1,0,1,0,0,0,0,0,0,1,0,0,7539
921,car,honda,city,diesel,2016,mumbai,50000,51556,1,1,1,0,0,0,0,0,0,0,0,1,0,0,7542
922,car,honda,city,diesel,2016,mumbai,50000,50897,1,1,1,0,1,0,0,0,0,0,0,1,0,0,7570
923,car,honda,city,diesel,2016,mumbai,50000,50086,1,1,1,0,0,0,0,0,0,0,0,1,0,0,7575
924,car,honda,city,diesel,2016,mumbai,60000,60879,1,1,1,1,0,1,1,0,1,0,1,0,1,0,9599
925,car,honda,city,diesel,2016,mumbai,60000,60839,1,1,1,1,0,1,1,0,1,0,1,0,1,0,9000
926,car,honda,city,diesel,2016,mumbai,60000,60321,1,1,1,1,0,1,1,0,1,0,1,0,1,0,9428
927,car,honda,city,diesel,2016,mumbai,60000,61733,1,1,1,1,0,1,1,0,1,0,1,0,1,0,9247
928,car,honda,city,diesel,2016,mumbai,60000,60977,1,1,1,1,0,1,1,0,1,0,1,0,1,0,9373
929,car,honda,city,diesel,2016,mumbai,60000,60632,1,1,1,1,0,1,1,0,1,0,1,0,1,0,9473
930,car,honda,city,diesel,2016,mumbai,60000,60872,1,1,1,1,0,1,1,0,1,0,1,0,1,0,9211
931,car,honda,city,diesel,2016,mumbai,60000,60134,1,1,1,1,0,1,1,0,1,0,1,0,1,0,9088
932,car,honda,city,diesel,2016,mumbai,60000,60427,1,1,1,1,0,1,1,0,1,0,1,0,1,0,9099
933,car,honda,city,diesel,2016,mumbai,60000,60349,1,1,1,1,0,1,1,0,1,0,1,0,1,0,9438
934,car,honda,city,diesel,2016,mumbai,60000,60374,1,1,1,1,0,1,1,0,1,0,1,0,1,0,9237
935,car,honda,city,diesel,2016,mumbai,60000,60694,1,1,1,1,0,1,1,0,1,0,1,0,1,0,9473
936,car,honda,city,diesel,2016,mumbai,60000,61379,1,1,1,1,0,1,1,0,1,0,1,0,1,0,9376
937,car,honda,city,diesel,2016,mumbai,60000,59262,1,1,1,1,0,1,1,0,1,0,1,0,1,0,9276
938,car,honda,city,diesel,2016,mumbai,60000,60876,1,1,1,1,0,1,1,0,1,0,1,0,1,0,9256
939,car,honda,city,diesel,2016,mumbai,60000,60456,1,1,1,1,0,1,1,0,1,0,1,0,1,0,9186
940,car,honda,city,diesel,2016,mumbai,60000,60657,1,1,1,1,0,1,1,0,1,0,1,0,1,0,9642
941,car,honda,city,diesel,2016,mumbai,60000,59760,1,1,1,1,0,1,1,0,1,0,1,0,1,0,9374
942,car,honda,city,diesel,2016,mumbai,60000,61234,1,1,1,1,0,1,1,0,1,0,1,0,1,0,9163
943,car,honda,city,diesel,2016,mumbai,60000,60789,1,1,1,1,0,1,1,0,1,0,1,0,1,0,9346
944,car,honda,city,diesel,2016,mumbai,70000,70765,1,1,1,0,0,0,0,0,0,0,1,0,0,0,6100
945,car,honda,city,diesel,2016,mumbai,70000,70384,1,1,1,0,1,0,0,0,0,0,0,0,0,0,6199
946,car,honda,city,diesel,2016,mumbai,70000,70976,1,1,1,0,1,0,0,0,0,0,0,0,0,0,6099
947,car,honda,city,diesel,2016,mumbai,70000,71253,1,1,1,0,1,0,0,0,0,0,0,0,0,0,6089
948,car,honda,city,diesel,2016,mumbai,70000,70311,1,1,1,0,1,0,0,0,0,0,0,0,0,0,6189
949,car,honda,city,diesel,2016,mumbai,70000,70789,1,1,1,0,1,0,0,0,0,0,0,0,0,0,6179
950,car,honda,city,diesel,2016,mumbai,70000,70098,1,1,1,0,1,0,0,0,0,0,0,0,0,0,6188
951,car,honda,city,diesel,2016,mumbai,70000,69432,1,1,1,0,1,0,0,0,0,0,0,0,0,0,6132
952,car,honda,city,diesel,2016,mumbai,70000,70894,1,1,1,0,1,0,0,0,0,0,0,0,0,0,6110
953,car,honda,city,diesel,2016,mumbai,70000,70753,1,1,1,0,1,0,0,0,0,0,0,0,0,0,6290
954,car,honda,city,diesel,2016,mumbai,70000,70756,1,1,1,0,0,0,0,0,0,0,0,0,0,0,6279
955,car,honda,city,diesel,2016,mumbai,70000,70890,1,1,1,0,0,0,0,0,0,0,0,0,0,0,6249
956,car,honda,city,diesel,2016,mumbai,70000,69876,1,1,1,0,0,0,0,0,0,0,0,0,0,0,6149
957,car,honda,city,diesel,2016,mumbai,70000,70766,1,1,1,0,0,0,0,0,0,0,0,0,0,0,6300
958,car,honda,city,diesel,2016,mumbai,70000,70087,1,1,1,0,0,0,0,0,0,0,0,0,0,0,6200
959,car,honda,city,diesel,2016,mumbai,70000,70234,1,1,1,0,0,0,0,0,0,0,0,0,0,0,6298
960,car,honda,city,diesel,2016,mumbai,70000,71456,1,1,1,0,0,0,0,0,0,0,0,0,0,0,6281
961,car,honda,city,diesel,2016,mumbai,70000,70975,1,1,1,0,0,0,0,0,0,0,0,0,0,0,6400
962,car,honda,city,diesel,2016,mumbai,70000,70255,1,1,1,0,0,0,0,0,0,1,0,0,0,0,7200
963,car,honda,city,diesel,2016,mumbai,70000,70346,1,1,1,0,0,0,0,0,0,1,0,0,0,0,7300
964,car,honda,city,diesel,2016,mumbai,80000,83678,1,1,1,1,0,1,1,0,0,1,0,0,0,0,8500
965,car,honda,city,diesel,2016,mumbai,80000,88432,1,1,1,1,0,1,1,0,0,1,0,0,0,1,8599
966,car,honda,city,diesel,2016,mumbai,80000,83223,1,1,1,1,0,1,1,0,0,1,0,0,0,1,8589
967,car,honda,city,diesel,2016,mumbai,80000,84978,1,1,1,1,0,1,1,0,0,1,0,0,0,1,8600
968,car,honda,city,diesel,2016,mumbai,80000,89262,1,1,1,1,0,1,1,0,0,1,0,0,0,1,8699
969,car,honda,city,diesel,2016,mumbai,80000,81362,1,1,1,1,0,1,1,0,0,1,0,0,0,1,8619
970,car,honda,city,diesel,2016,mumbai,80000,80623,1,1,1,1,0,1,1,0,0,1,0,0,0,0,8700
971,car,honda,city,diesel,2016,mumbai,80000,80628,1,1,1,1,0,1,1,0,0,1,0,0,0,0,8499
972,car,honda,city,diesel,2016,mumbai,80000,90624,1,1,1,0,1,0,0,0,0,0,0,0,0,0,8489
973,car,honda,city,diesel,2016,mumbai,100000,95293,1,1,1,0,1,0,0,0,0,0,0,0,0,0,8810
974,car,honda,city,diesel,2016,mumbai,100000,98673,1,1,1,0,1,0,0,0,0,0,0,0,0,0,8539
975,car,honda,city,diesel,2016,mumbai,100000,92463,1,1,1,0,1,0,0,0,0,0,0,0,0,0,8250
976,car,honda,city,diesel,2016,mumbai,100000,102836,1,1,1,1,0,1,1,0,0,0,0,0,0,1,9000
977,car,honda,city,diesel,2016,mumbai,100000,108236,1,1,1,1,0,1,1,0,0,0,0,0,0,1,8900
978,car,honda,city,diesel,2016,mumbai,100000,117248,1,1,1,1,1,1,1,0,1,0,0,0,1,1,8999
979,car,honda,city,diesel,2016,mumbai,100000,128699,1,1,1,1,0,1,1,0,1,1,0,0,1,1,8700
980,car,toyota,fortuner,diesel,2016,mumbai,10000,10657,1,1,0,0,0,0,0,0,0,0,0,0,0,0,2089
981,car,toyota,fortuner,diesel,2016,mumbai,10000,10732,1,1,0,0,0,0,0,0,0,0,0,0,0,0,2045
982,car,toyota,fortuner,diesel,2016,mumbai,10000,10232,1,1,0,0,0,0,0,0,0,0,0,0,0,0,2176
983,car,toyota,fortuner,diesel,2016,mumbai,10000,10747,1,1,0,0,0,0,0,0,0,0,0,0,0,0,1900
984,car,toyota,fortuner,diesel,2016,mumbai,10000,11237,1,1,0,0,0,0,0,0,0,0,0,0,0,0,1989
985,car,toyota,fortuner,diesel,2016,mumbai,10000,10355,1,1,0,0,0,0,0,0,0,0,0,0,0,0,2078
986,car,toyota,fortuner,diesel,2016,mumbai,10000,11028,1,1,0,0,0,0,0,0,0,0,0,0,0,0,2075
987,car,toyota,fortuner,diesel,2016,mumbai,10000,10843,1,1,0,0,0,0,0,0,0,0,0,0,0,0,2089
988,car,toyota,fortuner,diesel,2016,mumbai,10000,10686,1,1,0,0,0,0,0,0,0,0,0,0,0,0,2099
989,car,toyota,fortuner,diesel,2016,mumbai,10000,10573,1,1,0,0,0,0,0,0,0,0,0,0,0,0,2100
990,car,toyota,fortuner,diesel,2016,mumbai,10000,10992,1,1,0,0,0,0,0,0,0,0,0,0,0,0,2109
991,car,toyota,fortuner,diesel,2016,mumbai,10000,10376,1,1,0,0,0,0,0,0,0,0,0,0,0,0,2199
992,car,toyota,fortuner,diesel,2016,mumbai,10000,11009,1,1,0,0,0,0,0,0,0,0,0,0,0,0,2189
993,car,toyota,fortuner,diesel,2016,mumbai,10000,10048,1,1,0,0,0,0,0,0,0,0,0,0,0,0,2179
994,car,toyota,fortuner,diesel,2016,mumbai,10000,10623,1,1,0,0,0,0,0,0,0,0,0,0,0,0,2149
995,car,toyota,fortuner,diesel,2016,mumbai,10000,9076,1,1,0,0,0,0,0,0,0,0,0,0,0,0,2169
996,car,toyota,fortuner,diesel,2016,mumbai,10000,10783,1,1,0,0,0,0,0,0,0,0,0,0,0,0,2129
997,car,toyota,fortuner,diesel,2016,mumbai,10000,10673,1,1,0,0,0,0,0,0,0,0,0,0,0,0,2079
998,car,toyota,fortuner,diesel,2016,mumbai,10000,10342,1,1,0,0,0,0,0,0,0,0,0,0,0,0,2099
999,car,toyota,fortuner,diesel,2016,mumbai,10000,10024,1,1,0,0,0,0,0,0,0,0,0,0,0,0,2019
1000,car,toyota,fortuner,diesel,2016,mumbai,20000,20568,1,1,1,0,0,1,1,0,0,0,0,0,0,0,3400
1001,car,toyota,fortuner,diesel,2016,mumbai,20000,20657,1,1,1,0,0,1,1,0,0,0,0,0,0,0,3411
1002,car,toyota,fortuner,diesel,2016,mumbai,20000,20732,1,1,1,0,0,1,1,0,0,0,0,0,0,0,3430
1003,car,toyota,fortuner,diesel,2016,mumbai,20000,20327,1,1,1,0,0,1,1,0,0,0,0,0,0,0,3434
1004,car,toyota,fortuner,diesel,2016,mumbai,20000,20474,1,1,1,0,0,1,1,0,0,0,0,0,0,0,3488
1005,car,toyota,fortuner,diesel,2016,mumbai,20000,20473,1,1,1,0,0,1,1,0,0,0,0,0,0,0,3499
1006,car,toyota,fortuner,diesel,2016,mumbai,20000,20436,1,1,1,0,0,1,1,0,0,0,0,0,0,0,3498
1007,car,toyota,fortuner,diesel,2016,mumbai,20000,20859,1,1,1,0,0,1,1,0,0,0,0,0,0,0,3400
1008,car,toyota,fortuner,diesel,2016,mumbai,20000,20908,1,1,1,0,0,1,1,0,0,0,0,0,0,0,3500
1009,car,toyota,fortuner,diesel,2016,mumbai,20000,21382,1,1,1,0,0,1,1,0,0,0,0,0,0,0,3599
1010,car,toyota,fortuner,diesel,2016,mumbai,20000,19732,1,1,1,0,1,1,1,0,0,0,0,0,0,0,3489
1011,car,toyota,fortuner,diesel,2016,mumbai,20000,20823,1,1,1,0,1,1,1,0,0,0,0,0,0,0,3449
1012,car,toyota,fortuner,diesel,2016,mumbai,20000,20373,1,1,1,0,1,1,1,0,0,0,0,0,0,0,3399
1013,car,toyota,fortuner,diesel,2016,mumbai,20000,20472,1,1,1,0,1,1,1,0,0,0,0,0,0,0,3389
1014,car,toyota,fortuner,diesel,2016,mumbai,20000,20879,1,1,1,0,1,1,1,0,0,0,0,0,0,0,3510
1015,car,toyota,fortuner,diesel,2016,mumbai,20000,22658,1,1,1,0,1,1,1,0,0,0,0,0,0,0,3400
1016,car,toyota,fortuner,diesel,2016,mumbai,20000,20657,1,1,1,0,1,1,1,0,0,0,0,0,0,0,3410
1017,car,toyota,fortuner,diesel,2016,mumbai,20000,20158,1,1,1,0,1,1,1,0,0,0,0,0,0,0,3418
1018,car,toyota,fortuner,diesel,2016,mumbai,20000,20655,1,1,1,0,1,1,1,0,0,0,0,0,0,0,3419
1019,car,toyota,fortuner,diesel,2016,mumbai,20000,20989,1,1,1,0,1,1,1,0,0,0,0,0,0,0,3420
1020,car,toyota,fortuner,diesel,2016,mumbai,30000,30321,1,1,0,1,1,0,0,0,0,0,0,0,0,0,3600
1021,car,toyota,fortuner,diesel,2016,mumbai,30000,30677,1,1,0,1,1,0,0,0,0,0,0,0,0,0,3699
1022,car,toyota,fortuner,diesel,2016,mumbai,30000,30611,1,1,0,1,1,0,0,0,0,0,0,0,0,0,3689
1023,car,toyota,fortuner,diesel,2016,mumbai,30000,30018,1,1,0,1,1,0,0,0,0,0,0,0,0,0,3599
1024,car,toyota,fortuner,diesel,2016,mumbai,30000,30783,1,1,0,1,1,0,0,0,0,0,0,0,0,0,3610
1025,car,toyota,fortuner,diesel,2016,mumbai,30000,30463,1,1,0,1,1,0,0,0,0,0,0,0,0,0,3600
1026,car,toyota,fortuner,diesel,2016,mumbai,30000,30463,1,1,0,1,1,0,0,0,0,0,0,0,0,0,3630
1027,car,toyota,fortuner,diesel,2016,mumbai,30000,29625,1,1,0,1,1,0,0,0,0,0,0,0,0,0,3649
1028,car,toyota,fortuner,diesel,2016,mumbai,30000,31833,1,1,0,1,1,0,0,0,0,0,0,0,0,0,3700
1029,car,toyota,fortuner,diesel,2016,mumbai,30000,30172,1,1,0,1,1,0,0,0,0,0,0,0,0,0,3749
1030,car,toyota,fortuner,diesel,2016,mumbai,30000,30132,1,1,0,1,1,0,0,0,0,0,0,0,0,0,3749
1031,car,toyota,fortuner,diesel,2016,mumbai,30000,29234,1,1,0,1,1,0,0,0,0,0,0,0,0,0,3710
1032,car,toyota,fortuner,diesel,2016,mumbai,30000,30541,1,1,0,1,1,0,0,0,0,0,0,0,0,0,3699
1033,car,toyota,fortuner,diesel,2016,mumbai,30000,29650,1,1,0,1,1,0,0,0,0,0,0,0,0,0,3677
1034,car,toyota,fortuner,diesel,2016,mumbai,30000,30089,1,1,0,1,1,0,0,0,0,0,0,0,0,0,3690
1035,car,toyota,fortuner,diesel,2016,mumbai,30000,30658,1,1,0,1,1,0,0,0,0,0,0,0,0,0,3666
1036,car,toyota,fortuner,diesel,2016,mumbai,30000,30540,1,1,0,1,1,0,0,0,0,0,0,0,0,0,3646
1037,car,toyota,fortuner,diesel,2016,mumbai,30000,30719,1,1,0,1,1,0,0,0,0,0,0,0,0,0,3655
1038,car,toyota,fortuner,diesel,2016,mumbai,30000,30257,1,1,0,1,1,0,0,0,0,0,0,0,0,0,3650
1039,car,toyota,fortuner,diesel,2016,mumbai,30000,31566,1,1,0,1,1,1,0,0,0,0,0,0,0,0,3699
1040,car,toyota,fortuner,diesel,2016,mumbai,40000,40078,1,1,0,0,0,1,0,0,0,1,0,0,0,0,4300
1041,car,toyota,fortuner,diesel,2016,mumbai,40000,40722,1,1,0,0,0,1,0,0,0,1,0,0,0,0,4349
1042,car,toyota,fortuner,diesel,2016,mumbai,40000,40283,1,1,0,0,0,1,0,0,0,1,0,0,0,0,4399
1043,car,toyota,fortuner,diesel,2016,mumbai,40000,40287,1,1,0,0,0,1,0,0,0,1,0,0,0,0,4389
1044,car,toyota,fortuner,diesel,2016,mumbai,40000,39723,1,1,0,0,0,1,0,0,0,1,0,0,0,0,4350
1045,car,toyota,fortuner,diesel,2016,mumbai,40000,41372,1,1,0,0,0,1,0,0,0,1,0,0,0,0,4300
1046,car,toyota,fortuner,diesel,2016,mumbai,40000,40282,1,1,0,0,0,1,0,0,0,1,0,0,0,0,4410
1047,car,toyota,fortuner,diesel,2016,mumbai,40000,40483,1,1,0,0,0,1,0,0,0,1,0,0,0,0,4299
1048,car,toyota,fortuner,diesel,2016,mumbai,40000,40984,1,1,0,0,0,1,0,0,0,1,0,0,0,0,4449
1049,car,toyota,fortuner,diesel,2016,mumbai,40000,40932,1,1,0,0,0,1,0,0,0,1,0,0,0,0,4489
1050,car,toyota,fortuner,diesel,2016,mumbai,40000,40282,1,1,0,0,0,1,0,0,0,1,0,0,0,0,4499
1051,car,toyota,fortuner,diesel,2016,mumbai,40000,40221,1,1,0,0,0,1,0,0,0,1,0,0,0,0,4488
1052,car,toyota,fortuner,diesel,2016,mumbai,40000,42778,1,1,0,0,0,1,0,0,0,1,0,0,0,0,4444
1053,car,toyota,fortuner,diesel,2016,mumbai,40000,40787,1,1,0,0,0,1,0,0,0,1,0,0,0,0,4333
1054,car,toyota,fortuner,diesel,2016,mumbai,40000,40098,1,1,0,0,0,1,0,0,0,1,0,0,0,0,4344
1055,car,toyota,fortuner,diesel,2016,mumbai,40000,40379,1,1,0,0,0,1,0,0,0,1,0,0,0,0,4443
1056,car,toyota,fortuner,diesel,2016,mumbai,40000,40257,1,1,0,0,0,1,0,0,0,1,0,0,0,0,4499
1057,car,toyota,fortuner,diesel,2016,mumbai,40000,40764,1,1,0,0,0,1,0,0,0,1,0,0,0,0,4477
1058,car,toyota,fortuner,diesel,2016,mumbai,40000,40643,1,1,0,0,0,1,0,0,0,1,0,0,0,0,4450
1059,car,toyota,fortuner,diesel,2016,mumbai,40000,40173,1,1,0,0,0,1,0,0,0,1,0,0,0,0,4389
1060,car,toyota,fortuner,diesel,2016,mumbai,50000,50583,1,1,1,0,0,0,0,0,1,0,0,1,0,0,4100
1061,car,toyota,fortuner,diesel,2016,mumbai,50000,50236,1,1,1,0,0,0,0,0,1,0,0,1,0,0,4110
1062,car,toyota,fortuner,diesel,2016,mumbai,50000,50673,1,1,1,0,0,0,0,0,1,0,0,1,0,0,4199
1063,car,toyota,fortuner,diesel,2016,mumbai,50000,50892,1,1,1,0,0,0,0,0,1,0,0,1,0,0,4189
1064,car,toyota,fortuner,diesel,2016,mumbai,50000,51427,1,1,1,0,0,0,0,0,1,0,0,1,0,0,4179
1065,car,toyota,fortuner,diesel,2016,mumbai,50000,50237,1,1,1,0,0,0,0,0,1,0,0,1,0,0,4100
1066,car,toyota,fortuner,diesel,2016,mumbai,50000,49622,1,1,1,0,0,0,0,0,1,0,0,1,0,0,4150
1067,car,toyota,fortuner,diesel,2016,mumbai,50000,49263,1,1,1,0,0,0,0,0,1,0,0,1,0,0,4198
1068,car,toyota,fortuner,diesel,2016,mumbai,50000,50268,1,1,1,0,0,0,0,0,1,0,0,1,0,0,4148
1069,car,toyota,fortuner,diesel,2016,mumbai,50000,51452,1,1,1,0,0,0,0,0,1,0,0,1,0,0,4141
1070,car,toyota,fortuner,diesel,2016,mumbai,50000,50348,1,1,1,0,0,0,0,0,1,0,0,1,0,0,4200
1071,car,toyota,fortuner,diesel,2016,mumbai,50000,50888,1,1,1,0,0,0,0,0,1,0,0,1,0,0,4210
1072,car,toyota,fortuner,diesel,2016,mumbai,50000,50678,1,1,1,0,0,0,0,0,1,0,0,1,0,0,4242
1073,car,toyota,fortuner,diesel,2016,mumbai,50000,50755,1,1,1,0,0,0,0,0,1,0,0,1,0,0,4190
1074,car,toyota,fortuner,diesel,2016,mumbai,50000,50245,1,1,1,0,0,0,0,0,1,0,0,1,0,0,4100
1075,car,toyota,fortuner,diesel,2016,mumbai,50000,50345,1,1,1,0,0,0,0,0,1,0,0,1,0,0,4099
1076,car,toyota,fortuner,diesel,2016,mumbai,50000,50896,1,1,1,0,0,0,0,0,1,0,0,1,0,0,4089
1077,car,toyota,fortuner,diesel,2016,mumbai,50000,50890,1,1,1,0,0,0,0,0,1,0,0,1,0,0,4123
1078,car,toyota,fortuner,diesel,2016,mumbai,50000,50789,1,1,1,0,1,0,0,0,1,0,0,1,0,0,4243
1079,car,toyota,fortuner,diesel,2016,mumbai,50000,50246,1,1,1,0,1,0,0,0,1,0,0,1,0,0,4290
1080,car,toyota,fortuner,diesel,2016,mumbai,60000,60934,1,1,1,1,1,1,1,0,0,0,1,0,1,0,6400
1081,car,toyota,fortuner,diesel,2016,mumbai,60000,60272,1,1,1,1,1,1,1,0,0,0,1,0,1,0,6399
1082,car,toyota,fortuner,diesel,2016,mumbai,60000,60347,1,1,0,1,1,1,1,0,0,0,1,0,1,0,6419
1083,car,toyota,fortuner,diesel,2016,mumbai,60000,60322,1,1,0,1,1,1,1,0,0,0,1,0,1,0,6410
1084,car,toyota,fortuner,diesel,2016,mumbai,60000,60347,1,1,0,1,1,1,1,0,0,0,1,0,1,0,6499
1085,car,toyota,fortuner,diesel,2016,mumbai,60000,60839,1,1,0,1,1,1,1,0,0,0,1,0,1,0,6500
1086,car,toyota,fortuner,diesel,2016,mumbai,60000,60321,1,1,0,1,1,1,1,0,0,0,1,0,1,0,6499
1087,car,toyota,fortuner,diesel,2016,mumbai,60000,61733,1,1,0,1,1,1,1,0,0,0,1,0,1,0,6521
1088,car,toyota,fortuner,diesel,2016,mumbai,60000,60977,1,1,0,1,1,1,1,0,0,0,1,0,1,0,6599
1089,car,toyota,fortuner,diesel,2016,mumbai,60000,60632,1,1,0,1,1,1,1,0,0,0,1,0,1,0,6322
1090,car,toyota,fortuner,diesel,2016,mumbai,60000,60872,1,1,0,1,1,1,1,0,0,0,1,0,1,0,6423
1091,car,toyota,fortuner,diesel,2016,mumbai,60000,60134,1,1,0,1,1,1,1,0,0,0,1,0,1,0,6522
1092,car,toyota,fortuner,diesel,2016,mumbai,60000,60427,1,1,0,1,1,1,1,0,0,0,1,0,1,0,6500
1093,car,toyota,fortuner,diesel,2016,mumbai,60000,60456,1,1,0,1,1,1,1,0,0,0,1,0,1,0,6489
1094,car,toyota,fortuner,diesel,2016,mumbai,60000,60677,1,1,0,1,1,1,1,0,0,0,1,0,1,0,6479
1095,car,toyota,fortuner,diesel,2016,mumbai,60000,60345,1,1,0,1,1,1,1,0,0,0,1,0,1,0,6477
1096,car,toyota,fortuner,diesel,2016,mumbai,60000,60989,1,1,0,1,1,1,1,0,0,0,1,0,1,0,6488
1097,car,toyota,fortuner,diesel,2016,mumbai,60000,60123,1,1,0,1,1,1,1,0,0,0,1,0,1,0,6432
1098,car,toyota,fortuner,diesel,2016,mumbai,60000,60023,1,1,0,1,1,1,1,0,0,0,1,0,1,0,6438
1099,car,toyota,fortuner,diesel,2016,mumbai,60000,60582,1,1,0,1,1,1,1,0,0,0,1,0,1,0,6500
1100,car,toyota,fortuner,diesel,2016,mumbai,70000,70456,1,1,0,0,0,0,0,0,0,0,0,0,0,0,5200
1101,car,toyota,fortuner,diesel,2016,mumbai,70000,70787,1,1,0,0,0,0,0,0,0,0,0,0,0,0,5200
1102,car,toyota,fortuner,diesel,2016,mumbai,70000,70747,1,1,0,0,0,0,0,0,0,0,0,0,0,0,5350
1103,car,toyota,fortuner,diesel,2016,mumbai,70000,70360,1,1,0,0,0,0,0,0,0,0,0,0,0,0,5299
1104,car,toyota,fortuner,diesel,2016,mumbai,70000,71580,1,1,0,0,0,0,0,0,0,0,0,0,0,0,5399
1105,car,toyota,fortuner,diesel,2016,mumbai,70000,70765,1,1,0,0,0,0,0,0,0,0,0,0,0,0,5289
1106,car,toyota,fortuner,diesel,2016,mumbai,70000,70272,1,1,0,0,0,0,0,0,0,0,0,0,0,0,5389
1107,car,toyota,fortuner,diesel,2016,mumbai,70000,70347,1,1,0,0,0,0,0,0,0,0,0,0,0,0,5250
1108,car,toyota,fortuner,diesel,2016,mumbai,70000,70322,1,1,0,0,0,0,0,0,0,0,0,0,0,0,5350
1109,car,toyota,fortuner,diesel,2016,mumbai,70000,70347,1,1,0,0,0,0,0,0,0,0,0,0,0,0,5249
1110,car,toyota,fortuner,diesel,2016,mumbai,70000,70473,1,1,0,0,0,0,0,0,0,0,0,0,0,0,5349
1111,car,toyota,fortuner,diesel,2016,mumbai,70000,71009,1,1,0,0,0,0,0,0,0,0,0,0,0,0,5388
1112,car,toyota,fortuner,diesel,2016,mumbai,70000,69498,1,1,0,0,0,0,0,0,0,0,0,0,0,0,5488
1113,car,toyota,fortuner,diesel,2016,mumbai,70000,70777,1,1,0,0,0,0,0,0,0,0,0,0,0,0,5310
1114,car,toyota,fortuner,diesel,2016,mumbai,70000,70320,1,1,0,0,0,0,0,0,0,0,0,0,0,0,5210
1115,car,toyota,fortuner,diesel,2016,mumbai,70000,70380,1,1,1,0,0,0,0,0,0,0,0,0,0,0,5200
1116,car,toyota,fortuner,diesel,2016,mumbai,70000,70134,1,1,1,0,0,0,0,0,0,0,0,0,0,0,5300
1117,car,toyota,fortuner,diesel,2016,mumbai,70000,70333,1,1,1,0,0,0,0,0,0,0,0,0,0,0,5299
1118,car,toyota,fortuner,diesel,2016,mumbai,70000,70076,1,1,1,0,0,0,0,0,0,0,0,0,0,0,5279
1119,car,toyota,fortuner,diesel,2016,mumbai,70000,70976,1,1,1,0,0,0,0,0,0,0,0,0,0,0,5269
1120,car,toyota,fortuner,diesel,2016,mumbai,80000,82879,1,1,1,0,0,1,0,0,0,0,0,0,0,1,7100
1121,car,toyota,fortuner,diesel,2016,mumbai,80000,84232,1,1,1,0,0,1,0,0,0,0,0,0,0,1,7200
1122,car,toyota,fortuner,diesel,2016,mumbai,80000,86289,1,1,1,0,0,1,0,0,0,1,0,0,0,1,7099
1123,car,toyota,fortuner,diesel,2016,mumbai,80000,89827,1,1,1,0,0,1,0,0,0,1,0,0,0,1,7089
1124,car,toyota,fortuner,diesel,2016,mumbai,80000,83238,1,1,1,0,0,1,0,0,0,1,0,0,0,1,7199
1125,car,toyota,fortuner,diesel,2016,mumbai,80000,81723,1,1,1,0,0,1,0,0,0,1,0,0,0,1,7189
1126,car,toyota,fortuner,diesel,2016,mumbai,80000,88937,1,1,1,0,0,1,0,0,0,1,0,0,0,1,7190
1127,car,toyota,fortuner,diesel,2016,mumbai,80000,80782,1,1,1,0,0,1,0,0,0,1,0,0,0,1,7149
1128,car,toyota,fortuner,diesel,2016,mumbai,80000,81923,1,1,1,0,0,1,0,0,0,1,0,0,0,1,7150
1129,car,toyota,fortuner,diesel,2016,mumbai,80000,82732,1,1,1,0,0,1,0,0,0,1,0,0,0,1,7110
1130,car,toyota,fortuner,diesel,2016,mumbai,80000,80327,1,1,1,0,0,1,0,0,0,1,0,0,0,1,7200
1131,car,toyota,fortuner,diesel,2016,mumbai,80000,80311,1,1,1,0,0,1,0,0,0,1,0,0,0,1,7249
1132,car,toyota,fortuner,diesel,2016,mumbai,80000,90677,1,1,1,1,0,0,1,0,0,0,0,0,0,1,7290
1133,car,toyota,fortuner,diesel,2016,mumbai,100000,94373,1,1,1,1,0,0,1,0,0,0,0,0,0,0,7250
1134,car,toyota,fortuner,diesel,2016,mumbai,100000,91263,1,1,1,1,0,0,1,0,0,0,0,0,0,0,7299
1135,car,toyota,fortuner,diesel,2016,mumbai,100000,96236,1,1,1,1,0,0,1,0,0,0,0,0,0,0,7289
1136,car,toyota,fortuner,diesel,2016,mumbai,100000,93438,1,1,1,1,0,0,1,0,0,0,0,0,0,0,7280
1137,car,toyota,fortuner,diesel,2016,mumbai,100000,106788,1,1,1,0,1,1,1,0,1,0,0,0,0,0,7310
1138,car,toyota,fortuner,diesel,2016,mumbai,100000,112576,1,1,1,0,1,1,1,0,1,0,0,0,0,0,7349
1139,car,toyota,fortuner,diesel,2016,mumbai,100000,110757,1,1,1,1,1,1,1,0,1,0,0,0,0,0,7399
